date,channel,content_id,source_url,post_or_contact_url,reach,clicks,tool_completions,appsumo_clicks,signups,trials,activations,redemptions,customers,notes
2026-08-09,x,tool-earnings-quality,https://x.com/avisre/status/2086439153424835048,https://x.com/avisre/status/2086439153424835048,,,,,,,,,,published_and_confirmed
2026-08-09,x,campaign-appsumo,https://x.com/avisre/status/2086439454571663819,https://x.com/avisre/status/2086439454571663819,,,,,,,,,,published_and_confirmed
2026-08-09,x,tool-earnings-quality,https://x.com/KobeissiLetter/status/2027037123430289657,https://x.com/avisre/status/2086439495021572283,,,,,,,,,,published_and_confirmed
2026-08-09,x,tool-company-comparison,https://x.com/The_AI_Investor/status/2033714102267482281,https://x.com/avisre/status/2086439602550956070,,,,,,,,,,published_and_confirmed
2026-08-09,x,tool-buybacks-vs-dilution,https://x.com/MikeLongTerm/status/2025393692047998981,https://x.com/avisre/status/2086439699531628676,,,,,,,,,,published_and_confirmed
2026-08-09,x,tool-free-cash-flow-trend,https://x.com/garyblack00/status/1968976187926925696,https://x.com/avisre/status/2086439802313027780,,,,,,,,,,published_and_confirmed
2026-08-09,x,tool-earnings-quality,https://x.com/chinoalemano/status/2062205887083590131,https://x.com/avisre/status/2086439904792457325,,,,,,,,,,published_and_confirmed
2026-08-09,x,tool-debt-snapshot,https://x.com/HunterAllen4/status/2062622928139628784,https://x.com/avisre/status/2086440007473209790,,,,,,,,,,published_and_confirmed
2026-08-09,x,tool-filing-timeline,https://x.com/DrNHJ/status/2026779382317199586,https://x.com/avisre/status/2086440109717786862,,,,,,,,,,published_and_confirmed
2026-08-09,x,tool-free-cash-flow-trend,https://x.com/InvestingVisual/status/2019156347233747001,https://x.com/avisre/status/2086440212109127841,,,,,,,,,,published_and_confirmed
2026-08-09,x,tool-cash-flow-quality,https://x.com/bullishbrs/status/2019830830881710416,https://x.com/avisre/status/2086440315091886379,,,,,,,,,,published_and_confirmed
2026-08-09,x,tool-filing-timeline,https://x.com/yeakubdurjoy002/status/2026038216613343480,https://x.com/avisre/status/2086440417311273069,,,,,,,,,,published_and_confirmed
2026-08-09,x,tool-profitability-trend,https://x.com/CapexAndChill/status/2034429056133792068,https://x.com/avisre/status/2086440519383818566,,,,,,,,,,published_and_confirmed
2026-08-09,x,tool-debt-snapshot,https://x.com/PSInvestor/status/2041610600435085463,https://x.com/avisre/status/2086440621649334636,,,,,,,,,,published_and_confirmed
2026-08-09,x,tool-filing-timeline,https://x.com/SmallCapSnipa/status/2042728497458577563,https://x.com/avisre/status/2086440724128829621,,,,,,,,,,published_and_confirmed
2026-08-09,x,tool-company-comparison,https://x.com/rebound_capital/status/2041860555955151153,https://x.com/avisre/status/2086440826557845866,,,,,,,,,,published_and_confirmed
2026-08-09,x,tool-company-comparison,https://x.com/_JoseNajarro/status/2025808668252405915,https://x.com/avisre/status/2086440928873787558,,,,,,,,,,published_and_confirmed
2026-08-09,x,tool-profitability-trend,https://x.com/oguzerkan/status/2062484335307944280,https://x.com/avisre/status/2086441031848058902,,,,,,,,,,published_and_confirmed
2026-08-09,x,tool-company-comparison,https://x.com/MPelletierCIO/status/1950667012235239648,https://x.com/avisre/status/2086441134101041295,,,,,,,,,,published_and_confirmed
2026-08-09,x,tool-revenue-consistency,https://x.com/PrismMarketView/status/2038631157584015453,https://x.com/avisre/status/2086441236613988846,,,,,,,,,,published_and_confirmed
2026-08-09,x,tool-filing-timeline,https://x.com/StockSavvyShay/status/1980699841551327601,https://x.com/avisre/status/2086441339521265682,,,,,,,,,,published_and_confirmed
2026-08-09,x,tool-cash-flow-quality,https://x.com/DividendTalks/status/2026407286105878842,https://x.com/avisre/status/2086441442382401618,,,,,,,,,,published_and_confirmed
2026-08-09,x,tool-earnings-quality,https://x.com/avisre/status/2086439153424835048,https://x.com/avisre/status/2086441921384517794,,,,,,,,,,tracked_cta_reply_confirmed
2026-08-09,x,campaign-appsumo,https://x.com/avisre/status/2086439454571663819,https://x.com/avisre/status/2086442019195638108,,,,,,,,,,tracked_cta_reply_confirmed
2026-08-09,linkedin,tool-earnings-quality,https://www.linkedin.com/feed/update/urn:li:activity:7492209289793806336/,https://www.linkedin.com/feed/update/urn:li:activity:7492209289793806336/,,,,,,,,,,published_and_confirmed;tracked_link;screenshot_not_attached
2026-08-09,reddit,tool-earnings-quality,https://www.reddit.com/r/SideProject/comments/1vjrhid/i_built_a_deterministic_earningsquality_checker/,https://www.reddit.com/r/SideProject/comments/1vjrhid/i_built_a_deterministic_earningsquality_checker/,,,,,,,,,,published_and_confirmed;tracked_link;r_sideproject
2026-08-09,x,research-nvda-q1-fy27,https://www.stockportfolio.pro/ask?source=x&content_id=research-nvda-q1-fy27&click_id=x-20260809-build-public-day-01,https://x.com/avisre/status/2086480985613619500,,,,,,,,,,published_and_confirmed;building_in_public_day_01;long_form;tracked_links
2026-08-09,reddit,community-help-ben-felix,https://www.reddit.com/r/Bogleheads/comments/1vjsu4f/ben_felix_portfolio/,https://www.reddit.com/r/Bogleheads/comments/1vjsu4f/ben_felix_portfolio/p2o3zmz/,,,,,,,,,,helpful_reply_confirmed;no_link
2026-08-09,reddit,community-help-zoetis,https://www.reddit.com/r/ValueInvesting/comments/1virrne/is_zoetis_a_rare_opportunity_or_has_the_business/,https://www.reddit.com/r/ValueInvesting/comments/1virrne/is_zoetis_a_rare_opportunity_or_has_the_business/p2o4bar/,,,,,,,,,,helpful_reply_confirmed;no_link
2026-08-09,reddit,community-help-resmed,https://www.reddit.com/r/ValueInvesting/comments/1virr3h/rmd_my_valuation_of_resmed_and_why_i_stopped_my/,https://www.reddit.com/r/ValueInvesting/comments/1virr3h/rmd_my_valuation_of_resmed_and_why_i_stopped_my/p2o4dqg/,,,,,,,,,,helpful_reply_confirmed;no_link
2026-08-09,reddit,community-help-deckers,https://www.reddit.com/r/ValueInvesting/comments/1vjqcz3/deckers_brands_deck_is_undervalued_long/,https://www.reddit.com/r/ValueInvesting/comments/1vjqcz3/deckers_brands_deck_is_undervalued_long/p2o4g2m/,,,,,,,,,,removed_by_reddit;do_not_count;no_link
2026-08-09,reddit,community-help-accenture,https://www.reddit.com/r/ValueInvesting/comments/1vjnbmx/which_stock_in_your_portfolio_are_you_most/,https://www.reddit.com/r/ValueInvesting/comments/1vjnbmx/which_stock_in_your_portfolio_are_you_most/p2o4k96/,,,,,,,,,,helpful_reply_confirmed;no_link
2026-08-09,reddit,community-help-ai-etf,https://www.reddit.com/r/ETFs/comments/1vishhg/looking_for_an_etf_that_captures_the_broader_ai/,https://www.reddit.com/r/ETFs/comments/1vishhg/looking_for_an_etf_that_captures_the_broader_ai/p2o4mmy/,,,,,,,,,,helpful_reply_confirmed;no_link
2026-08-09,reddit,community-help-dividend-kings,https://www.reddit.com/r/dividends/comments/1vjoxxv/dividend_kings/,https://www.reddit.com/r/dividends/comments/1vjoxxv/dividend_kings/p2o4p2u/,,,,,,,,,,helpful_reply_confirmed;no_link
2026-08-09,reddit,community-help-etf-dca,https://www.reddit.com/r/ETFs/comments/1vjtypi/1_year_of_dca_500month_14_should_i_add_more/,https://www.reddit.com/r/ETFs/comments/1vjtypi/1_year_of_dca_500month_14_should_i_add_more/p2o4zyl/,,,,,,,,,,helpful_reply_confirmed;no_link
2026-08-09,reddit,community-help-retirement-horizon,https://www.reddit.com/r/dividends/comments/1vivcyp/why_is_everyone_so_focused_on_actual_age/,https://www.reddit.com/r/dividends/comments/1vivcyp/why_is_everyone_so_focused_on_actual_age/p2o52c6/,,,,,,,,,,helpful_reply_confirmed;no_link
2026-08-09,reddit,community-help-portfolio-review,https://www.reddit.com/r/investing/comments/1vjh7wv/seeking_constructive_feedback/,https://www.reddit.com/r/investing/comments/1vjh7wv/seeking_constructive_feedback/p2o54r1/,,,,,,,,,,helpful_reply_confirmed;no_link
2026-08-10,x,tool-dilution,https://www.stockportfolio.pro/tools/dilution?source=x&content_id=tool-dilution&click_id=x-20260810-post-a,https://x.com/avisre/status/2086532472020558039,,,,,,,,,,published_and_confirmed;image_attached
2026-08-10,x,tool-filing-timeline,https://www.stockportfolio.pro/tools/filing-timeline?source=x&content_id=tool-filing-timeline&click_id=x-20260810-post-b,https://x.com/avisre/status/2086532512906715504,,,,,,,,,,published_and_confirmed;image_attached
2026-08-10,x,tool-company-comparison-dan,https://www.stockportfolio.pro/tools/company-comparison?source=x&content_id=tool-company-comparison-dan&click_id=x-20260810-tool-company-comparison-dan,https://x.com/avisre/status/2086534181195297078,,,,,,,,,,helpful_reply_confirmed
2026-08-10,x,tool-etf-sector-concentration-mimo,https://www.stockportfolio.pro/tools/etf-sector-concentration?source=x&content_id=tool-etf-sector-concentration-mimo&click_id=x-20260810-tool-etf-sector-concentration-mimo,https://x.com/avisre/status/2086535555089854472,,,,,,,,,,helpful_reply_confirmed
2026-08-10,x,tool-free-cash-flow-trend-shane,https://www.stockportfolio.pro/tools/free-cash-flow-trend?source=x&content_id=tool-free-cash-flow-shane&click_id=x-20260810-tool-free-cash-flow-shane,https://x.com/avisre/status/2086535770446393553,,,,,,,,,,helpful_reply_confirmed
2026-08-10,x,tool-dilution-tjalve,https://www.stockportfolio.pro/tools/dilution?source=x&content_id=tool-dilution-tjalve&click_id=x-20260810-tool-dilution-tjalve,https://x.com/avisre/status/2086535838490595821,,,,,,,,,,helpful_reply_confirmed
2026-08-10,x,tool-etf-sector-concentration-luke,https://www.stockportfolio.pro/tools/etf-sector-concentration?source=x&content_id=tool-etf-sector-concentration-luke&click_id=x-20260810-tool-etf-sector-concentration-luke,https://x.com/avisre/status/2086535956002402520,,,,,,,,,,helpful_reply_confirmed
2026-08-10,x,tool-etf-sector-concentration-joel,https://www.stockportfolio.pro/tools/etf-sector-concentration?source=x&content_id=tool-etf-sector-concentration-joel&click_id=x-20260810-tool-etf-sector-concentration-joel,https://x.com/avisre/status/2086536119206965263,,,,,,,,,,helpful_reply_confirmed
2026-08-10,x,tool-company-comparison-rosy,https://www.stockportfolio.pro/tools/company-comparison?source=x&content_id=tool-company-comparison-rosy&click_id=x-20260810-tool-company-comparison-rosy,https://x.com/avisre/status/2086536204187730092,,,,,,,,,,helpful_reply_confirmed
2026-08-10,x,tool-company-comparison-amisha,https://www.stockportfolio.pro/tools/company-comparison?source=x&content_id=tool-company-comparison-amisha&click_id=x-20260810-tool-company-comparison-amisha,https://x.com/avisre/status/2086536280268222975,,,,,,,,,,helpful_reply_confirmed
2026-08-10,x,tool-filing-timeline-brk,https://www.stockportfolio.pro/tools/filing-timeline?source=x&content_id=tool-filing-timeline-brk&click_id=x-20260810-tool-filing-timeline-brk,https://x.com/avisre/status/2086536376942743666,,,,,,,,,,helpful_reply_confirmed
2026-08-10,x,tool-etf-sector-concentration-invest-reality,https://www.stockportfolio.pro/tools/etf-sector-concentration?source=x&content_id=tool-etf-sector-concentration-invest-reality&click_id=x-20260810-tool-etf-sector-concentration-invest-reality,https://x.com/avisre/status/2086536705683882205,,,,,,,,,,helpful_reply_confirmed
2026-08-10,x,tool-etf-sector-concentration-ducksays,https://www.stockportfolio.pro/tools/etf-sector-concentration?source=x&content_id=tool-etf-sector-concentration-ducksays&click_id=x-20260810-tool-etf-sector-concentration-ducksays,https://x.com/avisre/status/2086536776647336383,,,,,,,,,,helpful_reply_confirmed
2026-08-10,x,tool-company-comparison-dividend-dad,https://www.stockportfolio.pro/tools/company-comparison?source=x&content_id=tool-company-comparison-dividend-dad&click_id=x-20260810-tool-company-comparison-dividend-dad,https://x.com/avisre/status/2086536844515409975,,,,,,,,,,helpful_reply_confirmed
2026-08-10,x,tool-filing-timeline-flexible-capital,https://www.stockportfolio.pro/tools/filing-timeline?source=x&content_id=tool-filing-timeline-flexible-capital&click_id=x-20260810-tool-filing-timeline-flexible-capital,https://x.com/avisre/status/2086536911464906852,,,,,,,,,,helpful_reply_confirmed
2026-08-10,x,tool-earnings-quality-markos,https://www.stockportfolio.pro/tools/earnings-quality?source=x&content_id=tool-earnings-quality-markos&click_id=x-20260810-tool-earnings-quality-markos,https://x.com/avisre/status/2086536980255637869,,,,,,,,,,helpful_reply_confirmed
2026-08-10,x,tool-working-capital-captain-harris,https://www.stockportfolio.pro/tools/working-capital?source=x&content_id=tool-working-capital-captain-harris&click_id=x-20260810-tool-working-capital-captain-harris,https://x.com/avisre/status/2086537047792320927,,,,,,,,,,helpful_reply_confirmed
2026-08-10,x,research-nvda-q1-fy27,https://www.stockportfolio.pro/stocks/NVDA?source=x&content_id=research-nvda-q1-fy27&click_id=x-20260810-nvda-boost-reply-proof,https://x.com/avisre/status/2086766257001611552,,,,,,,,,,published_and_confirmed;reply_thread;visual_proof;asset=assets/nvda-customer-concentration.png;boost_parent=2086480985613619500
2026-08-10,x,research-nvda-q1-fy27,https://www.stockportfolio.pro/ask?source=x&content_id=research-nvda-q1-fy27&click_id=x-20260810-nvda-boost-reply-try,https://x.com/avisre/status/2086769593981571171,,,,,,,,,,published_and_confirmed;reply_thread;conversion_path;appsumo_link=https://www.stockportfolio.pro/appsumo?source=x&content_id=research-nvda-q1-fy27&click_id=x-20260810-nvda-boost-reply-appsumo;boost_parent=2086480985613619500
2026-08-10,x,tool-dilution,https://www.stockportfolio.pro/tools/dilution?source=x&content_id=tool-dilution&click_id=x-20260810-reply-imnotharsh,https://x.com/avisre/status/2086790566113894731,,,,,,,,,,published_and_confirmed;genuine_investor_reply;tracked_link
2026-08-10,x,tool-earnings-quality,https://www.stockportfolio.pro/tools/earnings-quality?source=x&content_id=tool-earnings-quality&click_id=x-20260810-reply-colinjohnson13,https://x.com/avisre/status/2086790619314417703,,,,,,,,,,published_and_confirmed;genuine_investor_reply;image_attached;asset=assets/aapl-earnings-quality.png
2026-08-10,x,tool-filing-timeline,https://www.stockportfolio.pro/tools/filing-timeline?source=x&content_id=tool-filing-timeline&click_id=x-20260810-reply-gulvasikova,https://x.com/avisre/status/2086790658078171334,,,,,,,,,,published_and_confirmed;genuine_investor_reply;tracked_link
2026-08-10,x,tool-earnings-quality,https://www.stockportfolio.pro/tools/earnings-quality?source=x&content_id=tool-earnings-quality&click_id=x-20260810-reply-strengthplan,https://x.com/avisre/status/2086790700918857846,,,,,,,,,,published_and_confirmed;genuine_investor_reply;tracked_link
2026-08-10,x,tool-dilution,https://www.stockportfolio.pro/tools/dilution?source=x&content_id=tool-dilution&click_id=x-20260810-reply-orlandolorenzo,https://x.com/avisre/status/2086791124845564316,,,,,,,,,,published_and_confirmed;genuine_investor_reply;image_attached;asset=assets/tsla-dilution.png
2026-08-10,reddit,tool-earnings-quality,https://www.reddit.com/r/ValueInvesting/comments/1vkid4q/netflix_from_growth_darling_to_value_pay/,https://www.reddit.com/r/ValueInvesting/comments/1vkid4q/comment/p2tot72/,,,,,,,,,,published_and_confirmed;helpful_reply_confirmed;tracked_link
2026-08-10,linkedin,research-nvda-q1-fy27,https://www.stockportfolio.pro/ask?source=linkedin&content_id=research-nvda-q1-fy27&click_id=linkedin-20260810-nvda-concentration,https://www.linkedin.com/feed/update/urn:li:activity:7492577540570746880/,,,,,,,,,,published_and_confirmed;visual_proof;tracked_link;asset=assets/nvda-customer-concentration.png
2026-08-10,x,tool-dilution,https://www.stockportfolio.pro/tools/dilution?source=x&content_id=tool-dilution&click_id=x-20260810-reply-glennboyce,https://x.com/avisre/status/2086822349740114055,,,,,,,,,,published_and_confirmed;genuine_investor_reply;tracked_link
2026-08-10,x,tool-filing-timeline,https://www.stockportfolio.pro/tools/filing-timeline?source=x&content_id=tool-filing-timeline&click_id=x-20260810-reply-727jht,https://x.com/avisre/status/2086822709745655814,,,,,,,,,,published_and_confirmed;genuine_investor_reply;tracked_link
2026-08-10,x,tool-earnings-quality,https://www.stockportfolio.pro/tools/earnings-quality?source=x&content_id=tool-earnings-quality&click_id=x-20260810-reply-errahul337,https://x.com/avisre/status/2086822818252197935,,,,,,,,,,published_and_confirmed;genuine_investor_reply;tracked_link
2026-08-10,x,tool-filing-timeline,https://www.stockportfolio.pro/tools/filing-timeline?source=x&content_id=tool-filing-timeline&click_id=x-20260810-reply-navkar91827,https://x.com/avisre/status/2086822926767301062,,,,,,,,,,published_and_confirmed;genuine_investor_reply;tracked_link
2026-08-10,x,tool-earnings-quality,https://www.stockportfolio.pro/tools/earnings-quality?source=x&content_id=tool-earnings-quality&click_id=x-20260810-reply-kumarashi1482,https://x.com/avisre/status/2086823035177406808,,,,,,,,,,published_and_confirmed;genuine_investor_reply;tracked_link
2026-08-10,x,x-investor-reply,,https://x.com/avisre/status/2086823144036446698,,,,,,,,,,published_and_confirmed;genuine_investor_reply
2026-08-10,x,x-investor-reply,,https://x.com/avisre/status/2086823252522082383,,,,,,,,,,published_and_confirmed;genuine_investor_reply
2026-08-10,x,tool-filing-timeline,https://www.stockportfolio.pro/tools/filing-timeline?source=x&content_id=tool-filing-timeline&click_id=x-20260810-reply-cybersolarx,https://x.com/avisre/status/2086823361251025367,,,,,,,,,,published_and_confirmed;genuine_investor_reply;tracked_link
2026-08-10,x,tool-earnings-quality,https://www.stockportfolio.pro/tools/earnings-quality?source=x&content_id=tool-earnings-quality&click_id=x-20260810-reply-kapilbaldawa,https://x.com/avisre/status/2086823469942239619,,,,,,,,,,published_and_confirmed;genuine_investor_reply;tracked_link
2026-08-10,x,tool-earnings-quality,https://www.stockportfolio.pro/tools/earnings-quality?source=x&content_id=tool-earnings-quality&click_id=x-20260810-reply-deep7610,https://x.com/avisre/status/2086823578411077959,,,,,,,,,,published_and_confirmed;genuine_investor_reply;tracked_link
2026-08-10,x,tool-dilution,https://www.stockportfolio.pro/tools/dilution?source=x&content_id=tool-dilution&click_id=x-20260810-reply-arxmedes,https://x.com/avisre/status/2086823686821314734,,,,,,,,,,published_and_confirmed;genuine_investor_reply;tracked_link
2026-08-10,x,tool-dilution,https://www.stockportfolio.pro/tools/dilution?source=x&content_id=tool-dilution&click_id=x-20260810-reply-terpstrader1,https://x.com/avisre/status/2086823795416080489,,,,,,,,,,published_and_confirmed;genuine_investor_reply;tracked_link
2026-08-10,x,tool-earnings-quality,https://www.stockportfolio.pro/tools/earnings-quality?source=x&content_id=tool-earnings-quality&click_id=x-20260810-reply-sauorbit-ge,https://x.com/avisre/status/2086823904006524929,,,,,,,,,,published_and_confirmed;genuine_investor_reply;tracked_link
2026-08-10,x,tool-earnings-quality,https://www.stockportfolio.pro/tools/earnings-quality?source=x&content_id=tool-earnings-quality&click_id=x-20260810-reply-sauorbit-tci,https://x.com/avisre/status/2086824012588736913,,,,,,,,,,published_and_confirmed;genuine_investor_reply;tracked_link
2026-08-10,x,x-investor-reply,,https://x.com/avisre/status/2086824121418256490,,,,,,,,,,published_and_confirmed;genuine_investor_reply
2026-08-11,x,tool-earnings-quality,https://www.stockportfolio.pro/tools/earnings-quality?source=x&content_id=tool-earnings-quality&click_id=x-20260811-aapl-cash-check,https://x.com/avisre/status/2087076863038616056,,,,,,,,,,published_and_confirmed;original_thread;visual_proof;asset=assets/aapl-earnings-quality.png;current_production_result_checked
2026-08-11,x,tool-earnings-quality,https://www.stockportfolio.pro/tools/earnings-quality?source=x&content_id=tool-earnings-quality&click_id=x-20260811-aapl-cash-check,https://x.com/avisre/status/2087077007024943130,,,,,,,,,,published_and_confirmed;thread_reply;tracked_link
2026-08-11,linkedin,tool-earnings-quality,https://www.stockportfolio.pro/tools/earnings-quality?source=linkedin&content_id=tool-earnings-quality&click_id=linkedin-20260811-aapl-cash-check,https://www.linkedin.com/feed/update/urn:li:activity:7492843353227571200/,,,,,,,,,,published_and_confirmed;adapted_from_x;current_production_result_checked
2026-08-11,x,tool-dilution,https://www.stockportfolio.pro/tools/dilution?source=x&content_id=tool-dilution&click_id=x-20260811-reply-vader,https://x.com/avisre/status/2087079176469942717,,,,,,,,,,published_and_confirmed;genuine_investor_reply;visual_proof;asset=assets/tsla-dilution.png;tracked_link
2026-08-11,x,x-investor-reply,https://x.com/iamrh0dl/status/2087077832199373237,https://x.com/avisre/status/2087078498951438744,,,,,,,,,,published_and_confirmed;genuine_investor_reply;13f_caveat;no_link
2026-08-11,x,x-investor-reply,https://x.com/pisani777/status/2086512454427623887,https://x.com/avisre/status/2087078537635471799,,,,,,,,,,published_and_confirmed;genuine_investor_reply;no_link
2026-08-11,x,x-investor-reply,https://x.com/_nexus79/status/2085266880034668969,https://x.com/avisre/status/2087078576516714720,,,,,,,,,,published_and_confirmed;genuine_investor_reply;no_link
2026-08-11,x,x-investor-reply,https://x.com/Todd_Sykon/status/2085845990318182556,https://x.com/avisre/status/2087079291649683647,,,,,,,,,,published_and_confirmed;genuine_investor_reply;no_link
2026-08-13,facebook,tool-free-cash-flow-trend,https://www.facebook.com/Stockstoearnpage/posts/pfbid02iEY2jRdBYAXyccxAGaw6yJqRN9RrvFoS6M3mB8et7xrcisqFJNHNLGLrT4mwdUyRl,https://www.facebook.com/Stockstoearnpage/posts/pfbid02iEY2jRdBYAXyccxAGaw6yJqRN9RrvFoS6M3mB8et7xrcisqFJNHNLGLrT4mwdUyRl?comment_id=1759202738567321,,,,,,,,,,published_and_confirmed;genuine_investor_comment;verified_sec_facts;builder_disclosure;no_external_link;target_composer_no_photo_upload
