query,impressions,clicks,ctr,position
energy stocks ranked by dividend,9,0,0.0,7.0
what was fhb’s net income in 2023?,7,1,0.142857,2.0
aapl outstanding shares history,5,0,0.0,5.0
rh history net income,4,0,0.0,6.0
tesla outstanding shares history,3,0,0.0,4.0
number of shares outstanding abbv,3,0,0.0,7.0
radnet  stock p/e ratio,3,0,0.0,8.0
does moderna stock pay dividends,3,0,0.0,7.0
mckesson's total debt,3,0,0.0,3.0
what is the fair value of zts?,2,1,0.5,9.0
stockportfolio.pro,2,1,0.5,2.0
antero resources annual corporate revenue 2025,2,1,0.5,4.0
abercrombie and fitch 2025fy gross profit,2,1,0.5,2.0
how much debt does microsoft have,2,0,0.0,6.0
shares outstanding netflix,2,0,0.0,7.0
what was cxt's stock price in 2011,2,0,0.0,4.0
is it worth it on buyin wtm calliope,2,0,0.0,4.0
stocks with low peg,2,0,0.0,6.0
what was meta's net income last year?,2,0,0.0,9.0
nvidia debt t,2,0,0.0,8.0
adbe stock net income,2,0,0.0,8.0
netflix shares outstanding,2,0,0.0,10.0
give me some additional examples of publicly traded companies with growing bottom lines over the last five years,2,0,0.0,3.0
best free cash flow stocks,2,0,0.0,9.0
ppoint_ *jazz stock,2,0,0.0,6.0
apple number of shares outstanding,2,0,0.0,9.0
qorvo shareoutstanding,2,0,0.0,1.0
net income bruker,2,0,0.0,6.0
whirlpool whr stock market cap 2024 2025 pe ratio dividend history investors,2,0,0.0,7.0
"what was fhb’s net income in 2023? question 2select one: a. $234,983 million b. $230,000 million c. $235,000 million",2,0,0.0,2.0
tln free cash flow,2,0,0.0,7.0
how many number of outstaniding shares does alphabet inc  have,2,0,0.0,8.0
veev shares outstanding,2,0,0.0,6.0
hsy stock annual revenue growth rate,2,0,0.0,9.0
corsair revenues,2,0,0.0,8.0
paychex revenues history,2,0,0.0,7.0
skyworks shares outstanding,2,0,0.0,4.0
when was msft 553,2,0,0.0,4.0
most profitable companies in stock market,1,1,1.0,6.0
lhx and honeywell aerospace whats the difference in companies,1,1,1.0,1.0
list og undervalued us tech stocks,1,1,1.0,3.0
tickers trading near book value,1,1,1.0,3.0
jnj johnson & johnson stock eps trailing book value per share current ratio annual revenue 2025,1,1,1.0,4.0
kd net income,1,0,0.0,3.0
cboe shares outstanding,1,0,0.0,5.0
nvidia common stock outstanding balance sheet history,1,0,0.0,3.0
crowdstrike revenue by year 2019 2020 2021 2022 2023 2024 2025 arr subscription cybersecurity market share falcon platform,1,0,0.0,1.0
screen search by commercial portfolio,1,0,0.0,10.0
bearings financial charlotte revenue,1,0,0.0,6.0
etsy net income 2022,1,0,0.0,4.0
meta eps history,1,0,0.0,5.0
snps free cash flow,1,0,0.0,9.0
tmus p/e rations,1,0,0.0,6.0
fluor corporation annual revenues for the last four years,1,0,0.0,7.0
outstanding shares of sandisk,1,0,0.0,9.0
nvidia nvda free cash flow fiscal 2026 2025 capital expenditure stock based compensation,1,0,0.0,4.0
amd tyl,1,0,0.0,7.0
what is victorias secrets revenue,1,0,0.0,4.0
eg group. annual revenue,1,0,0.0,5.0
airbnb gross profit,1,0,0.0,9.0
salesforce crm pe ratio history 5 year forward p/e fy2027 fy2028 growth,1,0,0.0,5.0
netflix net income 2017,1,0,0.0,8.0
msft eps history,1,0,0.0,6.0
what was the tex revanues in 2016 and 2017,1,0,0.0,10.0
johnson & johnson jnj eps earnings per share diluted 2014 2015 2016 2017 2018 2019 historical,1,0,0.0,2.0
smeiko consulting pte. ltd.,1,0,0.0,10.0
colgate palmolive f25 free cash flow,1,0,0.0,3.0
is southern copper  market cap is higher than rio tinto's,1,0,0.0,7.0
curtiss-wright profit,1,0,0.0,5.0
"""msft"" historical prices table ""yahoo finance"" august 2026",1,0,0.0,5.0
netlfix number of outstanding shares,1,0,0.0,9.0
hp company shares outstanding chart,1,0,0.0,5.0
what is htz market pe,1,0,0.0,10.0
site:linkedin.com/in freelance backend developer india email,1,0,0.0,10.0
amazon com bonds outstanding 2025 total debt issuance history coupon rate maturity schedule,1,0,0.0,4.0
intel shares outstanding fiscal year 2019 2024 sec,1,0,0.0,4.0
ttmi stock free cash flow,1,0,0.0,6.0
ibm adjusted eps table,1,0,0.0,9.0
annual dividend history amgen,1,0,0.0,8.0
carpenter technology crs 2025 annual revenue net income gross margin,1,0,0.0,4.0
abercrombie and fitch 2026fy gross profit,1,0,0.0,1.0
outstanding shares sandisk stock,1,0,0.0,9.0
signet jewellers limited dividends history,1,0,0.0,10.0
crowdstrike revenue by year 2020 2021 2022 2023 2024 2025 annual report,1,0,0.0,1.0
what is the total debt for nvidia corp (nvda)?,1,0,0.0,4.0
free cash flow of nvidia from fy 2020 to 2012,1,0,0.0,4.0
vertiv vrt 2024 net income gross margin employees,1,0,0.0,8.0
quality compounder stocks high roe pricing power undervalued august 2026 jnj cost v ma valuation,1,0,0.0,1.0
oracle total debt fiscal 2026 year end short term long term debt cash equivalents,1,0,0.0,5.0
how much debt does apple corporation keep?,1,0,0.0,7.0
crowdstrike crwd shares outstanding insider ownership dilution stock-based compensation 2026,1,0,0.0,10.0
ares management ares total shares outstanding class a non-voting 2025 10-q cover,1,0,0.0,6.0
microsoft eps history,1,0,0.0,8.0
bankunited  + revenue size + rocketreach,1,0,0.0,10.0
nvda shares outstanding buyback 2026 diluted eps fy2026 full year net income,1,0,0.0,8.0
mondelez pe,1,0,0.0,7.0
nvidia revenue 2016 2017 2018 2019 2020 2021 2022 2023 data center gpu growth jensen huang founders,1,0,0.0,2.0
galaxy z flip5 to buy,1,0,0.0,4.0
nvidia nvda diluted shares outstanding 2026 buyback,1,0,0.0,7.0
napco dividend,1,0,0.0,8.0
