customer_id,purchase_date,purchase_channel,channel_detail,plan,gross_revenue,estimated_net_revenue,first_touch_source,first_touch_medium,first_touch_page,last_touch_source,last_touch_page,referrer,utm_source,utm_medium,utm_campaign,content_id,click_id,search_query_if_known,x_post_if_known,appsumo_or_direct,signup_date,time_signup_to_payment,sessions_before_payment,pages_before_payment,features_before_payment,first_successful_action,last_action_before_payment,sessions_after_payment,active_days_after_payment,features_after_payment,top_pages_after_payment,top_tickers,top_metrics,ask_count,filing_count,screener_count,compare_count,portfolio_count,watchlist_count,export_count,last_active,engagement_status,likely_primary_jtbd,attribution_confidence,jtbd_confidence
CUSTOMER-01,2026-07-20,AppSumo,"Discovery source unknown; purchase confirmed in Partner Portal",Investor (Tier 2),79.00,16.35,UNKNOWN,UNKNOWN,UNKNOWN,UNKNOWN,UNKNOWN,UNKNOWN,UNKNOWN,UNKNOWN,UNKNOWN,UNKNOWN,UNKNOWN,UNKNOWN,UNKNOWN,AppSumo,2026-07-21,"Not applicable: external purchase preceded account/redemption",UNKNOWN,UNKNOWN,UNKNOWN,"Completed Ask after redemption",UNKNOWN,UNKNOWN,3,"Ask:13; screener activation:1; portfolio activation:1; stored alerts:2","UNKNOWN: page identity unavailable",UNKNOWN,UNKNOWN,13,NA,1,NA,1,NA,NA,2026-08-13,ACTIVE,"Source-backed AI research plus portfolio/screening workflow",UNKNOWN,MEDIUM
CUSTOMER-02,2026-07-22,AppSumo,"Discovery source unknown; payable code never redeemed",Pro (Tier 3),149.00,31.52,UNKNOWN,UNKNOWN,UNKNOWN,UNKNOWN,UNKNOWN,UNKNOWN,UNKNOWN,UNKNOWN,UNKNOWN,UNKNOWN,UNKNOWN,UNKNOWN,UNKNOWN,AppSumo,UNKNOWN,"Not applicable: no account redemption",UNKNOWN,UNKNOWN,UNKNOWN,UNKNOWN,UNKNOWN,0,0,"None: unredeemed",None,UNKNOWN,UNKNOWN,0,0,0,0,0,0,0,UNKNOWN,BOUGHT AND NEVER ACTIVATED,"Wanted an LTD or intended future research use; exact job unknown",UNKNOWN,LOW
CUSTOMER-03,2026-07-24,AppSumo,"Discovery source unknown; purchase confirmed in Partner Portal",Pro (Tier 3),149.00,36.24,UNKNOWN,UNKNOWN,UNKNOWN,UNKNOWN,UNKNOWN,UNKNOWN,UNKNOWN,UNKNOWN,UNKNOWN,UNKNOWN,UNKNOWN,UNKNOWN,UNKNOWN,AppSumo,2026-07-24,"Not applicable: external purchase preceded account/redemption",UNKNOWN,UNKNOWN,UNKNOWN,"Completed Ask after redemption",UNKNOWN,UNKNOWN,3,"Ask:2; summary:1; stored alerts:25","UNKNOWN: page identity unavailable",UNKNOWN,UNKNOWN,2,NA,NA,NA,NA,NA,NA,2026-08-12,ACTIVE,"Ask plus monitoring/alerts",UNKNOWN,MEDIUM
CUSTOMER-04,2026-08-02,AppSumo,"Discovery source unknown; purchase confirmed in Partner Portal",Investor (Tier 2),79.00,17.34,UNKNOWN,UNKNOWN,UNKNOWN,UNKNOWN,UNKNOWN,UNKNOWN,UNKNOWN,UNKNOWN,UNKNOWN,UNKNOWN,UNKNOWN,UNKNOWN,UNKNOWN,AppSumo,2026-08-02,"Not applicable: external purchase preceded account/redemption",UNKNOWN,UNKNOWN,UNKNOWN,"Completed Ask after redemption",UNKNOWN,2,2,"Ask:3; stored alerts:16; company and portfolio browsing","portfolio:5; company:4; home:3; tools/news/guru:1 each",UNKNOWN,UNKNOWN,3,0,0,0,5,NA,0,2026-08-03,LIGHT,"Explore holdings and companies, then ask focused questions",UNKNOWN,MEDIUM
CUSTOMER-05,2026-08-04,AppSumo,"Buyer explicitly said they found the lifetime deal on AppSumo and requested Tier 3",Pro (Tier 3),149.00,35.95,AppSumo,marketplace/listing,home,website,dossier,AppSumo,UNKNOWN,UNKNOWN,UNKNOWN,UNKNOWN,UNKNOWN,UNKNOWN,UNKNOWN,AppSumo,2026-08-04,"Not applicable: AppSumo purchase occurred before redemption",1,5,"home and dossier views","Completed Ask after redemption","Dossier page",5,5,"Ask:54; summaries:2; company research; compare; tools; screener","company:9; Ask:2; compare/tools/screener/news/home:1 each",UNKNOWN,UNKNOWN,54,0,1,1,0,0,0,2026-08-20,ACTIVE,"High-frequency source-backed company research",HIGH,HIGH
CUSTOMER-06,2026-08-04,AppSumo,"Discovery source unknown; purchase confirmed in Partner Portal",Starter (Tier 1),39.00,9.43,UNKNOWN,UNKNOWN,UNKNOWN,UNKNOWN,UNKNOWN,UNKNOWN,UNKNOWN,UNKNOWN,UNKNOWN,UNKNOWN,UNKNOWN,UNKNOWN,UNKNOWN,AppSumo,2026-08-04,"Not applicable: external purchase preceded account/redemption",UNKNOWN,UNKNOWN,UNKNOWN,"Company summary after redemption",UNKNOWN,2,2,"summary:1; broad browsing; no completed Ask","home:9; portfolio:4; company:4; tools/guru:2 each; screener/stocks-funds/news/dossier/filings:1 each",NVDA,UNKNOWN,0,1,1,0,4,NA,0,2026-08-05,LIGHT,"Broad product exploration; exact sustained job unproved",UNKNOWN,LOW
CUSTOMER-07,2026-08-05,AppSumo,"Discovery source unknown; purchase confirmed in Partner Portal",Starter (Tier 1),39.00,8.87,UNKNOWN,UNKNOWN,UNKNOWN,UNKNOWN,UNKNOWN,UNKNOWN,UNKNOWN,UNKNOWN,UNKNOWN,UNKNOWN,UNKNOWN,UNKNOWN,UNKNOWN,AppSumo,2026-08-05,"Not applicable: external purchase preceded account/redemption",UNKNOWN,UNKNOWN,UNKNOWN,"Completed Ask and summary after redemption",UNKNOWN,3,3,"Ask:2; summary:1; research share:1","home:3; company/guru/portfolio:2 each; tools/dossier/screener:1 each",AAPL,UNKNOWN,2,0,1,0,2,NA,0,2026-08-08,ACTIVE,"Light research, portfolio exploration and sharing",UNKNOWN,MEDIUM
CUSTOMER-08,2026-08-14,AppSumo,"Acquisition flow flagged internal/QA-like; later usage appears user-driven",Starter (Tier 1),39.00,9.22,UNKNOWN,UNKNOWN,UNKNOWN,UNKNOWN,UNKNOWN,UNKNOWN,UNKNOWN,UNKNOWN,UNKNOWN,tool-earnings-quality,UNKNOWN,UNKNOWN,UNKNOWN,AppSumo,2026-08-14,"Not applicable: external purchase preceded account/redemption",UNKNOWN,UNKNOWN,UNKNOWN,"Completed Ask immediately after redemption",UNKNOWN,1,1,"Ask:2; briefings:2; free tools:15; Ask/portfolio/screener/compare activation","UNKNOWN: acquisition telemetry contaminated",SEZL,"buybacks vs dilution; revenue consistency",2,0,1,1,1,0,0,2026-08-14,LIGHT,"Support-assisted multi-workflow research; outcome rated somewhat useful",UNKNOWN,MEDIUM
CUSTOMER-09,2026-08-20,AppSumo,"Discovery source unknown; newly purchased payable code not yet redeemed at audit cutoff",Investor (Tier 2),79.00,19.05,UNKNOWN,UNKNOWN,UNKNOWN,UNKNOWN,UNKNOWN,UNKNOWN,UNKNOWN,UNKNOWN,UNKNOWN,UNKNOWN,UNKNOWN,UNKNOWN,UNKNOWN,AppSumo,UNKNOWN,"Not applicable: no account redemption",UNKNOWN,UNKNOWN,UNKNOWN,UNKNOWN,UNKNOWN,0,0,"None: unredeemed",None,UNKNOWN,UNKNOWN,0,0,0,0,0,0,0,UNKNOWN,BOUGHT AND NEVER ACTIVATED,"Wanted an LTD or intended future research use; too new to classify abandonment",UNKNOWN,LOW
