claim,source,date/window,metric,evidence,confidence,implication
"Nine real AppSumo orders","Authenticated AppSumo Partner Portal",2026-07-20_to_2026-08-20,orders,"9 payable-code sales; QA licence excluded from customer cohort",HIGH,"AppSumo is the only proven purchase channel"
"Gross AppSumo GMV is $801","Authenticated AppSumo Partner Portal",2026-07-20_to_2026-08-20,GMV_USD,801.00,HIGH,"Only $199 gross remains to a $1,000 gross target"
"Partner revenue is $183.97","Authenticated AppSumo Partner Portal",2026-07-20_to_2026-08-20,partner_revenue_USD,183.97,HIGH,"$816.03 remains to $1,000 founder proceeds"
"AppSumo discounts total $88.58","Authenticated AppSumo Partner Portal",2026-07-20_to_2026-08-20,discounts_USD,-88.58,HIGH,"Sticker price and buyer-paid net revenue must not be mixed"
"No AppSumo refunds are recorded","Authenticated AppSumo Partner Portal",through_2026-08-20,refunds,0,HIGH,"Current portal revenue is unreduced by recorded refunds but remains subject to settlement timing"
"Direct Stripe retained revenue is zero","Stripe API read-only audit",through_2026-08-21,net_GBP,0,"HIGH","One GBP 7 charge was fully refunded; no active subscription"
"Seven of nine real AppSumo orders redeemed","Mongo licence reconciliation",through_2026-08-21,redemption_rate,"7/9 = 77.8%",HIGH,"Two buyers have not reached product value; one is less than a day old"
"Completed Ask is the most common observed buyer action","Mongo/Ollama usage reconciliation",through_2026-08-21,buyer_adoption,"6/7 redeemed buyers; 76 calls",HIGH,"Promote and improve Ask activation; do not claim it caused purchase"
"Ask usage is concentrated","Mongo/Ollama usage reconciliation",through_2026-08-21,concentration,"one buyer 54/76 calls; top two 67/76",HIGH,"Average Ask usage overstates typical adoption"
"Four of seven buyers have attributable page telemetry","Mongo funnel-event reconciliation",through_2026-08-21,page_coverage,"4/7",HIGH,"Page matrices are lower bounds; missing is NA rather than zero"
"One buyer has an observable pre-purchase product journey","Mongo funnel-event reconciliation",through_2026-08-21,prepurchase_coverage,"1/7 redeemed",HIGH,"The purchase aha moment is not identifiable for six buyers"
"The only observed pre-purchase sequence repeatedly visited dossier","Mongo funnel-event reconciliation",2026-08-04,sequence,"home → dossier → home → dossier → home",MEDIUM,"Dossier is a hypothesis for conversion, not validated causal evidence"
"Tier 2/3 buyers all used Ask","Mongo/Ollama usage reconciliation",through_2026-08-21,Ask_adoption,"4/4 Tier 2/3 redeemed buyers",HIGH,"Tier 3 should lead the AppSumo conversion narrative, subject to tiny-n caveat"
"Six of seven buyers used Ask","Mongo/Ollama usage reconciliation",through_2026-08-21,Ask_adoption,"6/7",HIGH,"Source-backed Ask is the strongest observed activation signal"
"Buyer discovery is unknown for eight orders","AppSumo/Mongo/email attribution audit",through_2026-08-21,known_discovery,"1/9 high-confidence; 8/9 unknown",HIGH,"Do not credit X, search, direct, or AppSumo internal discovery without evidence"
"One buyer explicitly discovered the AppSumo lifetime deal","Customer presale email plus order timing",2026-08-03_to_2026-08-04,discovery,"buyer asked to purchase Tier 3 after seeing AppSumo",HIGH,"AppSumo offer and trust can close high-intent prospects"
"Google organic clicks are concentrated in comparisons","Google Search Console",2026-05-11_to_2026-08-18,page_clicks,"16 of 19 clicks on comparison pages",HIGH,"Protect comparison pages; no revenue attribution is proven"
"Recent Google search volume is very small","Google Search Console",2026-07-22_to_2026-08-18,search,"5 clicks; 1513 impressions; 0.33% CTR; avg position 24.19",HIGH,"SEO is not the shortest path to immediate revenue"
"WAB query impressions show no clicks","Google Search Console",2026-05-11_to_2026-08-18,WAB,"quoted/test-like queries dominate; zero clicks",HIGH,"Do not mistake rank-check patterns for commercial demand"
"Bing produced 38 clicks","Bing Webmaster API",2026-06-13_to_2026-08-18,search,"38 clicks; 3929 impressions; 17707 indexed",HIGH,"Bing contributes real traffic but purchase attribution remains unknown"
"X produced no verified customers","X Content export plus first-party events",through_2026-08-11,customers,"37 native link clicks; first-party X events show zero signups/activations/purchases",MEDIUM,"Use X for evidence-led testing, not as a proven revenue channel"
"A detailed NVDA original outperformed tracked replies on link clicks","X native export plus tracker",through_2026-08-11,link_clicks,"NVDA post 7 clicks; 37 tracked replies 2 clicks",MEDIUM,"Prefer one strong sourced research post over reply volume"
"Public review validates efficiency but raises accuracy verification","AppSumo public review",2026-08-13,reviews,"1 review; 5 tacos; reviewer still cross-verifying accuracy",HIGH,"Lead with evidence inspection and avoid absolute accuracy claims"
"Buyer requests include ETF coverage and API/MCP/alerts","AppSumo Q&A",2026-07-14_to_2026-08-17,requests,"four distinct Q&A themes; each low frequency",HIGH,"Use as discovery evidence; not enough to justify building API/MCP"
"Current Clarity recent traffic includes more bots than humans","Authenticated Microsoft Clarity",last_3_days_as_of_2026-08-21,sessions,"31 human sessions; 86 bot sessions excluded",HIGH,"Raw traffic spikes must be filtered before interpreting growth"
"Recent external Clarity sessions were shallow","Authenticated Microsoft Clarity recording sample",2026-08-19_to_2026-08-21,behavior,"3 search sessions produced 1 click and no cross-page navigation; the X session produced 1 click and stayed on the homepage",MEDIUM,"Improve landing-to-next-step discovery; do not infer population rates from the purposive sample"
"Nominal Clarity duration overstates active engagement","Authenticated Microsoft Clarity recording sample",2026-08-19_to_2026-08-21,engagement,"at least 6 of 10 sampled sessions were hidden or backgrounded early",MEDIUM,"Use verified actions, active time and page depth rather than raw duration"
"Sampled clicks were concentrated in two screener sessions","Authenticated Microsoft Clarity recording sample",2026-08-19_to_2026-08-21,clicks,"2 screener sessions generated 85 of 95 sampled click events; one contained a dead click and one looked potentially QA-like",MEDIUM,"Do not interpret aggregate click counts as broad engagement; reproduce the dead-click control separately"
"GA4 current API analysis is blocked","Google Analytics Data API",2026-08-21,access,"analyticsdata.googleapis.com disabled in project 697172610671",HIGH,"GA4 cannot currently validate channel conversions"
"AppSumo partner link advertises 90% revenue for new AppSumo customers","Authenticated Partner Portal promotion screen",2026-08-21,partner_link,"portal states 90% of total revenue from every new customer brought through unique URL",HIGH,"New-to-AppSumo prospects could materially improve unit economics; eligibility must be verified per buyer"
