customer_id,plan,Ask,EPS,Revenue,FCF,Shares,Debt,Cash,Margins,Net_income,Dividends,Filings,Filing_Diff,Filing_Change_Monitor,Screener,Compare,Portfolio,Watchlist,Alerts,Guru_13F,ETF_Funds,CSV,Export,Weekly_briefing,Daily_attribution,Form_4,Segments,API,MCP,Reality_Check,notes
CUSTOMER-01,Tier 2,13,NA,NA,NA,NA,NA,NA,NA,NA,NA,NA,NA,NA,1,NA,1,NA,2,NA,NA,NA,NA,0,NA,NA,NA,NA,NA,NA,"Six legacy buyers lack complete page identity; Ask and stored-object counts are reliable"
CUSTOMER-02,Tier 3,0,0,0,0,0,0,0,0,0,0,0,0,0,0,0,0,0,0,0,0,0,0,0,0,0,0,0,0,0,"Unredeemed; no product account"
CUSTOMER-03,Tier 3,2,NA,NA,NA,NA,NA,NA,NA,NA,NA,NA,NA,NA,NA,NA,NA,NA,25,NA,NA,NA,NA,0,NA,NA,NA,NA,NA,NA,"One company summary also observed; page identity unavailable"
CUSTOMER-04,Tier 2,3,NA,NA,NA,NA,NA,NA,NA,NA,NA,0,NA,NA,0,0,5,NA,16,1,0,0,0,0,0,0,0,0,0,0,"Four company views and one summary also observed"
CUSTOMER-05,Tier 3,54,NA,NA,NA,NA,NA,NA,NA,NA,NA,0,NA,NA,1,1,0,0,0,0,0,0,0,0,0,0,0,0,0,0,"Two summaries; 54 Ask calls across five AI-use days"
CUSTOMER-06,Tier 1,0,NA,NA,NA,NA,NA,NA,NA,NA,NA,1,NA,NA,1,0,4,NA,0,2,1,0,0,0,0,NA,NA,NA,NA,NA,"One NVDA summary; 27 observed page views"
CUSTOMER-07,Tier 1,2,NA,NA,NA,NA,NA,NA,NA,NA,NA,0,NA,NA,1,0,2,NA,0,2,0,0,0,0,0,NA,NA,NA,NA,NA,"One AAPL summary and one research share"
CUSTOMER-08,Tier 1,2,NA,NA,NA,NA,NA,NA,NA,NA,NA,0,NA,NA,1,1,1,0,2,NA,NA,0,0,2,NA,NA,NA,0,0,NA,"15 post-purchase free-tool completions; acquisition flow is contaminated"
CUSTOMER-09,Tier 2,0,0,0,0,0,0,0,0,0,0,0,0,0,0,0,0,0,0,0,0,0,0,0,0,0,0,0,0,0,"Unredeemed; no product account"
