query,ticker,intent,intent_confidence,expected_metric,intended_metric,expected_route,intended_route,intended_route_impressions,wrong_route_impressions,total_metric_route_impressions,total_relevant_metric_impressions,intended_ownership_rate,competing_route_count,dominant_route,dominant_route_impressions,dominant_route_correct,dominant_route_is_correct,intended_route_position,wrong_route_position,evidence_strength,ownership_band,base_stock_page_competing,meaningful_wrong_route_volume,clicks,ctr,position,material_cannibalization,recommended_action,change_category,ranking_opportunity,severity,route_breakdown
"""earnings per share - wab""",WAB,EPS,high,eps,EPS,/stocks/WAB/eps,/stocks/WAB/eps,0,1269.0,1269.0,1269.0,0.0,1,/stocks/WAB/dividend-history,647.0,no,no,0,2.9574468085106385,STRONG_EVIDENCE,WRONG_ROUTE_DOMINANT,no,no,0.0,0.0,2.9574468085106385,yes,FIX_TEMPLATE_SEMANTICS,OWNERSHIP_EVIDENCE_FIX,top-3 visibility,high,/stocks/WAB/dividend-history=647; /stocks/WAB/shares-outstanding=622
"""earnings per share - wab"" financial",WAB,EPS,high,eps,EPS,/stocks/WAB/eps,/stocks/WAB/eps,0,737.0,737.0,737.0,0.0,1,/stocks/WAB/shares-outstanding,373.0,no,no,0,2.616010854816825,STRONG_EVIDENCE,WRONG_ROUTE_DOMINANT,no,no,0.0,0.0,2.616010854816825,yes,FIX_TEMPLATE_SEMANTICS,OWNERSHIP_EVIDENCE_FIX,top-3 visibility,high,/stocks/WAB/shares-outstanding=373; /stocks/WAB/dividend-history=364
"""shares outstanding - wab"" financial",WAB,SHARES_OUTSTANDING,high,shares-outstanding,SHARES_OUTSTANDING,/stocks/WAB/shares-outstanding,/stocks/WAB/shares-outstanding,0,596.0,596.0,596.0,0.0,1,/stocks/WAB/eps,300.0,no,no,0,2.4848993288590604,STRONG_EVIDENCE,WRONG_ROUTE_DOMINANT,no,no,0.0,0.0,2.4848993288590604,yes,FIX_TEMPLATE_SEMANTICS,OWNERSHIP_EVIDENCE_FIX,top-3 visibility,high,/stocks/WAB/eps=300; /stocks/WAB/dividend-history=296
"""earnings per share - wab"" finance",WAB,EPS,high,eps,EPS,/stocks/WAB/eps,/stocks/WAB/eps,0,336.0,336.0,336.0,0.0,1,/stocks/WAB/shares-outstanding,168.0,no,no,0,2.7083333333333335,STRONG_EVIDENCE,WRONG_ROUTE_DOMINANT,no,no,0.0,0.0,2.7083333333333335,yes,FIX_TEMPLATE_SEMANTICS,OWNERSHIP_EVIDENCE_FIX,top-3 visibility,high,/stocks/WAB/dividend-history=168; /stocks/WAB/shares-outstanding=168
"""earnings per share - wab"" financial statement",WAB,EPS,high,eps,EPS,/stocks/WAB/eps,/stocks/WAB/eps,0,242.0,242.0,242.0,0.0,1,/stocks/WAB/shares-outstanding,229.0,no,no,0,1.7355371900826446,STRONG_EVIDENCE,WRONG_ROUTE_DOMINANT,no,no,0.0,0.0,1.7355371900826446,yes,FIX_TEMPLATE_SEMANTICS,OWNERSHIP_EVIDENCE_FIX,top-3 visibility,high,/stocks/WAB/shares-outstanding=229; /stocks/WAB/dividend-history=13
"""shares outstanding - wab"" finance",WAB,SHARES_OUTSTANDING,high,shares-outstanding,SHARES_OUTSTANDING,/stocks/WAB/shares-outstanding,/stocks/WAB/shares-outstanding,0,218.0,218.0,218.0,0.0,1,/stocks/WAB/eps,109.0,no,no,0,2.36697247706422,STRONG_EVIDENCE,WRONG_ROUTE_DOMINANT,no,no,0.0,0.0,2.36697247706422,yes,FIX_TEMPLATE_SEMANTICS,OWNERSHIP_EVIDENCE_FIX,top-3 visibility,high,/stocks/WAB/dividend-history=109; /stocks/WAB/eps=109
"""earnings per share - wab"" financial model",WAB,EPS,high,eps,EPS,/stocks/WAB/eps,/stocks/WAB/eps,0,181.0,181.0,181.0,0.0,1,/stocks/WAB/dividend-history,93.0,no,no,0,3.0718232044198897,STRONG_EVIDENCE,WRONG_ROUTE_DOMINANT,no,no,0.0,0.0,3.0718232044198897,yes,FIX_TEMPLATE_SEMANTICS,OWNERSHIP_EVIDENCE_FIX,striking distance,high,/stocks/WAB/dividend-history=93; /stocks/WAB/shares-outstanding=88
"""earnings per share - wab"" financial statements",WAB,EPS,high,eps,EPS,/stocks/WAB/eps,/stocks/WAB/eps,0,143.0,143.0,143.0,0.0,1,/stocks/WAB/shares-outstanding,127.0,no,no,0,1.6783216783216781,STRONG_EVIDENCE,WRONG_ROUTE_DOMINANT,no,no,0.0,0.0,1.6783216783216781,yes,FIX_TEMPLATE_SEMANTICS,OWNERSHIP_EVIDENCE_FIX,top-3 visibility,high,/stocks/WAB/shares-outstanding=127; /stocks/WAB/dividend-history=16
"""shares outstanding - wab""",WAB,SHARES_OUTSTANDING,high,shares-outstanding,SHARES_OUTSTANDING,/stocks/WAB/shares-outstanding,/stocks/WAB/shares-outstanding,0,95.0,95.0,95.0,0.0,1,/stocks/WAB/eps,58.0,no,no,0,5.747368421052632,MODERATE_EVIDENCE,WRONG_ROUTE_DOMINANT,no,no,0.0,0.0,5.747368421052632,yes,FIX_TEMPLATE_SEMANTICS,OWNERSHIP_EVIDENCE_FIX,striking distance,medium,/stocks/WAB/eps=58; /stocks/WAB/dividend-history=37
"""shares outstanding - wab"" financial statement",WAB,SHARES_OUTSTANDING,high,shares-outstanding,SHARES_OUTSTANDING,/stocks/WAB/shares-outstanding,/stocks/WAB/shares-outstanding,0,62.0,62.0,62.0,0.0,1,/stocks/WAB/eps,39.0,no,no,0,3.0483870967741935,MODERATE_EVIDENCE,WRONG_ROUTE_DOMINANT,no,no,0.0,0.0,3.0483870967741935,yes,FIX_TEMPLATE_SEMANTICS,OWNERSHIP_EVIDENCE_FIX,striking distance,medium,/stocks/WAB/eps=39; /stocks/WAB/dividend-history=23
dell technologies historical revenue fy2016 fy2017 fy2018 fy2019 fy2020 fy2021 fy2022 fy2023 fy2024 fy2025,DELL,REVENUE,high,revenue,REVENUE,/stocks/DELL/revenue,/stocks/DELL/revenue,0,15.0,15.0,15.0,0.0,1,/stocks/DELL/shares-outstanding,13.0,no,no,0,9.0,WEAK_EVIDENCE,WRONG_ROUTE_DOMINANT,no,no,0.0,0.0,9.0,yes,FIX_TEMPLATE_SEMANTICS,OWNERSHIP_EVIDENCE_FIX,striking distance,medium,/stocks/DELL/shares-outstanding=13; /stocks/DELL/gross-profit=2
"""shares outstanding - wab"" financial model",WAB,SHARES_OUTSTANDING,high,shares-outstanding,SHARES_OUTSTANDING,/stocks/WAB/shares-outstanding,/stocks/WAB/shares-outstanding,0,14.0,14.0,14.0,0.0,1,/stocks/WAB/eps,11.0,no,no,0,3.857142857142857,WEAK_EVIDENCE,WRONG_ROUTE_DOMINANT,no,no,0.0,0.0,3.857142857142857,yes,FIX_TEMPLATE_SEMANTICS,OWNERSHIP_EVIDENCE_FIX,striking distance,medium,/stocks/WAB/eps=11; /stocks/WAB/dividend-history=3
"""shares outstanding - wab"" financial statements",WAB,SHARES_OUTSTANDING,high,shares-outstanding,SHARES_OUTSTANDING,/stocks/WAB/shares-outstanding,/stocks/WAB/shares-outstanding,0,11.0,11.0,11.0,0.0,1,/stocks/WAB/dividend-history,10.0,no,no,0,1.6363636363636365,WEAK_EVIDENCE,WRONG_ROUTE_DOMINANT,no,no,0.0,0.0,1.6363636363636365,yes,FIX_TEMPLATE_SEMANTICS,OWNERSHIP_EVIDENCE_FIX,top-3 visibility,medium,/stocks/WAB/dividend-history=10; /stocks/WAB/eps=1
dell technologies historical annual revenue fy2016 fy2017 fy2018 fy2019 fy2020 fy2021 fy2022 fy2023 fy2024 fy2025,DELL,REVENUE,high,revenue,REVENUE,/stocks/DELL/revenue,/stocks/DELL/revenue,0,11.0,11.0,11.0,0.0,0,/stocks/DELL/shares-outstanding,11.0,no,no,0,12.090909090909092,WEAK_EVIDENCE,WRONG_ROUTE_DOMINANT,no,no,0.0,0.0,12.090909090909092,yes,FIX_TEMPLATE_SEMANTICS,OWNERSHIP_EVIDENCE_FIX,page-one opportunity,medium,/stocks/DELL/shares-outstanding=11
"""shares outstanding - wab"" financial data",WAB,SHARES_OUTSTANDING,high,shares-outstanding,SHARES_OUTSTANDING,/stocks/WAB/shares-outstanding,/stocks/WAB/shares-outstanding,0,6.0,6.0,6.0,0.0,0,/stocks/WAB/dividend-history,6.0,no,no,0,1.0,INSUFFICIENT_DATA,INSUFFICIENT_DATA,no,no,0.0,0.0,1.0,no,NO_ACTION,NONE,top-3 visibility,none,/stocks/WAB/dividend-history=6
"""earnings per share - wab"" financial data",WAB,EPS,high,eps,EPS,/stocks/WAB/eps,/stocks/WAB/eps,0,6.0,6.0,6.0,0.0,1,/stocks/WAB/dividend-history,5.0,no,no,0,2.0,INSUFFICIENT_DATA,INSUFFICIENT_DATA,no,no,0.0,0.0,2.0,no,NO_ACTION,NONE,top-3 visibility,none,/stocks/WAB/dividend-history=5; /stocks/WAB/shares-outstanding=1
uipath revenue,PATH,REVENUE,high,revenue,REVENUE,/stocks/PATH/revenue,/stocks/PATH/revenue,0,3.0,3.0,3.0,0.0,0,/stocks/PATH,3.0,no,no,0,46.666666666666664,INSUFFICIENT_DATA,INSUFFICIENT_DATA,yes,no,0.0,0.0,46.666666666666664,no,NO_ACTION,NONE,long-tail,none,/stocks/PATH=3
"financial data ""earnings per share - wab""",WAB,EPS,high,eps,EPS,/stocks/WAB/eps,/stocks/WAB/eps,0,2.0,2.0,2.0,0.0,0,/stocks/WAB/dividend-history,2.0,no,no,0,1.5,INSUFFICIENT_DATA,INSUFFICIENT_DATA,no,no,0.0,0.0,1.5,no,NO_ACTION,NONE,top-3 visibility,none,/stocks/WAB/dividend-history=2
"financial data ""shares outstanding - wab""",WAB,SHARES_OUTSTANDING,high,shares-outstanding,SHARES_OUTSTANDING,/stocks/WAB/shares-outstanding,/stocks/WAB/shares-outstanding,0,2.0,2.0,2.0,0.0,0,/stocks/WAB/dividend-history,2.0,no,no,0,5.0,INSUFFICIENT_DATA,INSUFFICIENT_DATA,no,no,0.0,0.0,5.0,no,NO_ACTION,NONE,striking distance,none,/stocks/WAB/dividend-history=2
gates corporation revenue,GTES,REVENUE,high,revenue,REVENUE,/stocks/GTES/revenue,/stocks/GTES/revenue,0,2.0,2.0,2.0,0.0,0,/stocks/GTES,2.0,no,no,0,33.0,INSUFFICIENT_DATA,INSUFFICIENT_DATA,yes,no,0.0,0.0,33.0,no,NO_ACTION,NONE,long-tail,none,/stocks/GTES=2
under armour revenue,UA,REVENUE,high,revenue,REVENUE,/stocks/UA/revenue,/stocks/UA/revenue,0,2.0,2.0,2.0,0.0,0,/stocks/UA,2.0,no,no,0,41.5,INSUFFICIENT_DATA,INSUFFICIENT_DATA,yes,no,0.0,0.0,41.5,no,NO_ACTION,NONE,long-tail,none,/stocks/UA=2
adt annual revenue,ADT,REVENUE,high,revenue,REVENUE,/stocks/ADT/revenue,/stocks/ADT/revenue,0,2.0,2.0,2.0,0.0,1,/stocks/ADT/net-income,1.0,no,no,0,47.0,INSUFFICIENT_DATA,INSUFFICIENT_DATA,yes,no,0.0,0.0,47.0,no,NO_ACTION,NONE,long-tail,none,/stocks/ADT=1; /stocks/ADT/net-income=1
mirion technologies revenue,MIR,REVENUE,high,revenue,REVENUE,/stocks/MIR/revenue,/stocks/MIR/revenue,0,2.0,2.0,2.0,0.0,1,/stocks/MIR/net-income,1.0,no,no,0,53.5,INSUFFICIENT_DATA,INSUFFICIENT_DATA,yes,no,0.0,0.0,53.5,no,NO_ACTION,NONE,long-tail,none,/stocks/MIR=1; /stocks/MIR/net-income=1
upwork revenue,UPWK,REVENUE,high,revenue,REVENUE,/stocks/UPWK/revenue,/stocks/UPWK/revenue,0,2.0,2.0,2.0,0.0,0,/stocks/UPWK,2.0,no,no,0,57.0,INSUFFICIENT_DATA,INSUFFICIENT_DATA,yes,no,0.0,0.0,57.0,no,NO_ACTION,NONE,long-tail,none,/stocks/UPWK=2
lincoln electric annual revenue,LECO,REVENUE,high,revenue,REVENUE,/stocks/LECO/revenue,/stocks/LECO/revenue,0,2.0,2.0,2.0,0.0,1,/stocks/LECO/net-income,1.0,no,no,0,63.0,INSUFFICIENT_DATA,INSUFFICIENT_DATA,yes,no,0.0,0.0,63.0,no,NO_ACTION,NONE,long-tail,none,/stocks/LECO=1; /stocks/LECO/net-income=1
morningstar revenue,MORN,REVENUE,high,revenue,REVENUE,/stocks/MORN/revenue,/stocks/MORN/revenue,0,2.0,2.0,2.0,0.0,0,/stocks/MORN,2.0,no,no,0,65.5,INSUFFICIENT_DATA,INSUFFICIENT_DATA,yes,no,0.0,0.0,65.5,no,NO_ACTION,NONE,long-tail,none,/stocks/MORN=2
sherwin williams annual revenue,SHW,REVENUE,high,revenue,REVENUE,/stocks/SHW/revenue,/stocks/SHW/revenue,0,2.0,2.0,2.0,0.0,0,/stocks/SHW,2.0,no,no,0,80.0,INSUFFICIENT_DATA,INSUFFICIENT_DATA,yes,no,0.0,0.0,80.0,no,NO_ACTION,NONE,long-tail,none,/stocks/SHW=2
dell technologies historical revenue 10 years fy2015 to fy2025,DELL,REVENUE,high,revenue,REVENUE,/stocks/DELL/revenue,/stocks/DELL/revenue,0,1.0,1.0,1.0,0.0,0,/stocks/DELL/gross-profit,1.0,no,no,0,17.0,INSUFFICIENT_DATA,INSUFFICIENT_DATA,no,no,0.0,0.0,17.0,no,NO_ACTION,NONE,page-one opportunity,none,/stocks/DELL/gross-profit=1
dell technologies historical annual revenue last 10 years fy2015 to fy2025,DELL,REVENUE,high,revenue,REVENUE,/stocks/DELL/revenue,/stocks/DELL/revenue,0,1.0,1.0,1.0,0.0,0,/stocks/DELL/shares-outstanding,1.0,no,no,0,18.0,INSUFFICIENT_DATA,INSUFFICIENT_DATA,no,no,0.0,0.0,18.0,no,NO_ACTION,NONE,page-one opportunity,none,/stocks/DELL/shares-outstanding=1
dell technologies revenue fy2016 fy2017 fy2018 fy2019 fy2020 fy2021 fy2022 fy2023 fy2024 fy2025,DELL,REVENUE,high,revenue,REVENUE,/stocks/DELL/revenue,/stocks/DELL/revenue,0,1.0,1.0,1.0,0.0,0,/stocks/DELL/shares-outstanding,1.0,no,no,0,18.0,INSUFFICIENT_DATA,INSUFFICIENT_DATA,no,no,0.0,0.0,18.0,no,NO_ACTION,NONE,page-one opportunity,none,/stocks/DELL/shares-outstanding=1
boyd corporation revenue,BYD,REVENUE,high,revenue,REVENUE,/stocks/BYD/revenue,/stocks/BYD/revenue,0,1.0,1.0,1.0,0.0,0,/stocks/BYD,1.0,no,no,0,29.0,INSUFFICIENT_DATA,INSUFFICIENT_DATA,yes,no,0.0,0.0,29.0,no,NO_ACTION,NONE,long-tail,none,/stocks/BYD=1
gap inc revenue,GAP,REVENUE,high,revenue,REVENUE,/stocks/GAP/revenue,/stocks/GAP/revenue,0,1.0,1.0,1.0,0.0,0,/stocks/GAP,1.0,no,no,0,32.0,INSUFFICIENT_DATA,INSUFFICIENT_DATA,yes,no,0.0,0.0,32.0,no,NO_ACTION,NONE,long-tail,none,/stocks/GAP=1
cirrus logic revenue,CRUS,REVENUE,high,revenue,REVENUE,/stocks/CRUS/revenue,/stocks/CRUS/revenue,0,1.0,1.0,1.0,0.0,0,/stocks/CRUS,1.0,no,no,0,37.0,INSUFFICIENT_DATA,INSUFFICIENT_DATA,yes,no,0.0,0.0,37.0,no,NO_ACTION,NONE,long-tail,none,/stocks/CRUS=1
bruker revenue,BRKR,REVENUE,high,revenue,REVENUE,/stocks/BRKR/revenue,/stocks/BRKR/revenue,0,1.0,1.0,1.0,0.0,0,/stocks/BRKR,1.0,no,no,0,41.0,INSUFFICIENT_DATA,INSUFFICIENT_DATA,yes,no,0.0,0.0,41.0,no,NO_ACTION,NONE,long-tail,none,/stocks/BRKR=1
aci worldwide revenue,ACIW,REVENUE,high,revenue,REVENUE,/stocks/ACIW/revenue,/stocks/ACIW/revenue,0,1.0,1.0,1.0,0.0,0,/stocks/ACIW,1.0,no,no,0,42.0,INSUFFICIENT_DATA,INSUFFICIENT_DATA,yes,no,0.0,0.0,42.0,no,NO_ACTION,NONE,long-tail,none,/stocks/ACIW=1
lear revenue,LEA,REVENUE,high,revenue,REVENUE,/stocks/LEA/revenue,/stocks/LEA/revenue,0,1.0,1.0,1.0,0.0,0,/stocks/LEA,1.0,no,no,0,44.0,INSUFFICIENT_DATA,INSUFFICIENT_DATA,yes,no,0.0,0.0,44.0,no,NO_ACTION,NONE,long-tail,none,/stocks/LEA=1
national vision revenue,EYE,REVENUE,high,revenue,REVENUE,/stocks/EYE/revenue,/stocks/EYE/revenue,0,1.0,1.0,1.0,0.0,0,/stocks/EYE,1.0,no,no,0,44.0,INSUFFICIENT_DATA,INSUFFICIENT_DATA,yes,no,0.0,0.0,44.0,no,NO_ACTION,NONE,long-tail,none,/stocks/EYE=1
gamestop annual revenue,GME,REVENUE,high,revenue,REVENUE,/stocks/GME/revenue,/stocks/GME/revenue,0,1.0,1.0,1.0,0.0,0,/stocks/GME,1.0,no,no,0,45.0,INSUFFICIENT_DATA,INSUFFICIENT_DATA,yes,no,0.0,0.0,45.0,no,NO_ACTION,NONE,long-tail,none,/stocks/GME=1
gamestop revenue,GME,REVENUE,high,revenue,REVENUE,/stocks/GME/revenue,/stocks/GME/revenue,0,1.0,1.0,1.0,0.0,0,/stocks/GME,1.0,no,no,0,48.0,INSUFFICIENT_DATA,INSUFFICIENT_DATA,yes,no,0.0,0.0,48.0,no,NO_ACTION,NONE,long-tail,none,/stocks/GME=1
selective insurance revenue,SIGI,REVENUE,high,revenue,REVENUE,/stocks/SIGI/revenue,/stocks/SIGI/revenue,0,1.0,1.0,1.0,0.0,0,/stocks/SIGI,1.0,no,no,0,50.0,INSUFFICIENT_DATA,INSUFFICIENT_DATA,yes,no,0.0,0.0,50.0,no,NO_ACTION,NONE,long-tail,none,/stocks/SIGI=1
fb shares outstanding,META,SHARES_OUTSTANDING,high,shares-outstanding,SHARES_OUTSTANDING,/stocks/META/shares-outstanding,/stocks/META/shares-outstanding,0,1.0,1.0,1.0,0.0,0,/stocks/META,1.0,no,no,0,51.0,INSUFFICIENT_DATA,INSUFFICIENT_DATA,yes,no,0.0,0.0,51.0,no,NO_ACTION,NONE,long-tail,none,/stocks/META=1
kratos revenue,KTOS,REVENUE,high,revenue,REVENUE,/stocks/KTOS/revenue,/stocks/KTOS/revenue,0,1.0,1.0,1.0,0.0,0,/stocks/KTOS,1.0,no,no,0,51.0,INSUFFICIENT_DATA,INSUFFICIENT_DATA,yes,no,0.0,0.0,51.0,no,NO_ACTION,NONE,long-tail,none,/stocks/KTOS=1
n-able revenue,NABL,REVENUE,high,revenue,REVENUE,/stocks/NABL/revenue,/stocks/NABL/revenue,0,1.0,1.0,1.0,0.0,0,/stocks/NABL,1.0,no,no,0,52.0,INSUFFICIENT_DATA,INSUFFICIENT_DATA,yes,no,0.0,0.0,52.0,no,NO_ACTION,NONE,long-tail,none,/stocks/NABL=1
murphy usa revenue,MUSA,REVENUE,high,revenue,REVENUE,/stocks/MUSA/revenue,/stocks/MUSA/revenue,0,1.0,1.0,1.0,0.0,0,/stocks/MUSA,1.0,no,no,0,53.0,INSUFFICIENT_DATA,INSUFFICIENT_DATA,yes,no,0.0,0.0,53.0,no,NO_ACTION,NONE,long-tail,none,/stocks/MUSA=1
neogen revenue,NEOG,REVENUE,high,revenue,REVENUE,/stocks/NEOG/revenue,/stocks/NEOG/revenue,0,1.0,1.0,1.0,0.0,0,/stocks/NEOG,1.0,no,no,0,58.0,INSUFFICIENT_DATA,INSUFFICIENT_DATA,yes,no,0.0,0.0,58.0,no,NO_ACTION,NONE,long-tail,none,/stocks/NEOG=1
upwork annual revenue,UPWK,REVENUE,high,revenue,REVENUE,/stocks/UPWK/revenue,/stocks/UPWK/revenue,0,1.0,1.0,1.0,0.0,0,/stocks/UPWK,1.0,no,no,0,60.0,INSUFFICIENT_DATA,INSUFFICIENT_DATA,yes,no,0.0,0.0,60.0,no,NO_ACTION,NONE,long-tail,none,/stocks/UPWK=1
crocs revenue,CROX,REVENUE,high,revenue,REVENUE,/stocks/CROX/revenue,/stocks/CROX/revenue,0,1.0,1.0,1.0,0.0,0,/stocks/CROX,1.0,no,no,0,62.0,INSUFFICIENT_DATA,INSUFFICIENT_DATA,yes,no,0.0,0.0,62.0,no,NO_ACTION,NONE,long-tail,none,/stocks/CROX=1
monday.com revenue,MNDY,REVENUE,high,revenue,REVENUE,/stocks/MNDY/revenue,/stocks/MNDY/revenue,0,1.0,1.0,1.0,0.0,0,/stocks/MNDY,1.0,no,no,0,62.0,INSUFFICIENT_DATA,INSUFFICIENT_DATA,yes,no,0.0,0.0,62.0,no,NO_ACTION,NONE,long-tail,none,/stocks/MNDY=1
new york times annual revenue,NYT,REVENUE,high,revenue,REVENUE,/stocks/NYT/revenue,/stocks/NYT/revenue,0,1.0,1.0,1.0,0.0,0,/stocks/NYT/net-income,1.0,no,no,0,62.0,INSUFFICIENT_DATA,INSUFFICIENT_DATA,no,no,0.0,0.0,62.0,no,NO_ACTION,NONE,long-tail,none,/stocks/NYT/net-income=1
annual revenue disney,DIS,REVENUE,high,revenue,REVENUE,/stocks/DIS/revenue,/stocks/DIS/revenue,0,1.0,1.0,1.0,0.0,0,/stocks/DIS/net-income,1.0,no,no,0,64.0,INSUFFICIENT_DATA,INSUFFICIENT_DATA,no,no,0.0,0.0,64.0,no,NO_ACTION,NONE,long-tail,none,/stocks/DIS/net-income=1
lyft net income,LYFT,NET_INCOME,high,net-income,NET_INCOME,/stocks/LYFT/net-income,/stocks/LYFT/net-income,0,1.0,1.0,1.0,0.0,0,/stocks/LYFT/revenue,1.0,no,no,0,65.0,INSUFFICIENT_DATA,INSUFFICIENT_DATA,no,no,0.0,0.0,65.0,no,NO_ACTION,NONE,long-tail,none,/stocks/LYFT/revenue=1
thor industries revenue,THO,REVENUE,high,revenue,REVENUE,/stocks/THO/revenue,/stocks/THO/revenue,0,1.0,1.0,1.0,0.0,0,/stocks/THO,1.0,no,no,0,70.0,INSUFFICIENT_DATA,INSUFFICIENT_DATA,yes,no,0.0,0.0,70.0,no,NO_ACTION,NONE,long-tail,none,/stocks/THO=1
western midstream revenue,WES,REVENUE,high,revenue,REVENUE,/stocks/WES/revenue,/stocks/WES/revenue,0,1.0,1.0,1.0,0.0,0,/stocks/WES,1.0,no,no,0,72.0,INSUFFICIENT_DATA,INSUFFICIENT_DATA,yes,no,0.0,0.0,72.0,no,NO_ACTION,NONE,long-tail,none,/stocks/WES=1
alphabet revenue,GOOGL,REVENUE,high,revenue,REVENUE,/stocks/GOOGL/revenue,/stocks/GOOGL/revenue,0,1.0,1.0,1.0,0.0,0,/stocks/GOOGL,1.0,no,no,0,74.0,INSUFFICIENT_DATA,INSUFFICIENT_DATA,yes,no,0.0,0.0,74.0,no,NO_ACTION,NONE,long-tail,none,/stocks/GOOGL=1
adt shares outstanding,ADT,SHARES_OUTSTANDING,high,shares-outstanding,SHARES_OUTSTANDING,/stocks/ADT/shares-outstanding,/stocks/ADT/shares-outstanding,0,1.0,1.0,1.0,0.0,0,/stocks/ADT/eps,1.0,no,no,0,75.0,INSUFFICIENT_DATA,INSUFFICIENT_DATA,no,no,0.0,0.0,75.0,no,NO_ACTION,NONE,long-tail,none,/stocks/ADT/eps=1
teladoc revenue,TDOC,REVENUE,high,revenue,REVENUE,/stocks/TDOC/revenue,/stocks/TDOC/revenue,0,1.0,1.0,1.0,0.0,0,/stocks/TDOC,1.0,no,no,0,76.0,INSUFFICIENT_DATA,INSUFFICIENT_DATA,yes,no,0.0,0.0,76.0,no,NO_ACTION,NONE,long-tail,none,/stocks/TDOC=1
gm annual revenue,GM,REVENUE,high,revenue,REVENUE,/stocks/GM/revenue,/stocks/GM/revenue,0,1.0,1.0,1.0,0.0,0,/stocks/GM/gross-profit,1.0,no,no,0,77.0,INSUFFICIENT_DATA,INSUFFICIENT_DATA,no,no,0.0,0.0,77.0,no,NO_ACTION,NONE,long-tail,none,/stocks/GM/gross-profit=1
gm yearly revenue,GM,REVENUE,high,revenue,REVENUE,/stocks/GM/revenue,/stocks/GM/revenue,0,1.0,1.0,1.0,0.0,0,/stocks/GM/gross-profit,1.0,no,no,0,77.0,INSUFFICIENT_DATA,INSUFFICIENT_DATA,no,no,0.0,0.0,77.0,no,NO_ACTION,NONE,long-tail,none,/stocks/GM/gross-profit=1
alphabet annual revenue,GOOGL,REVENUE,high,revenue,REVENUE,/stocks/GOOGL/revenue,/stocks/GOOGL/revenue,0,1.0,1.0,1.0,0.0,0,/stocks/GOOGL,1.0,no,no,0,81.0,INSUFFICIENT_DATA,INSUFFICIENT_DATA,yes,no,0.0,0.0,81.0,no,NO_ACTION,NONE,long-tail,none,/stocks/GOOGL=1
target annual revenue,TGT,REVENUE,high,revenue,REVENUE,/stocks/TGT/revenue,/stocks/TGT/revenue,0,1.0,1.0,1.0,0.0,0,/stocks/TGT,1.0,no,no,0,81.0,INSUFFICIENT_DATA,INSUFFICIENT_DATA,yes,no,0.0,0.0,81.0,no,NO_ACTION,NONE,long-tail,none,/stocks/TGT=1
goog-20220930 revenue backlog remaining performance obligations,GOOGL,REVENUE,high,revenue,REVENUE,/stocks/GOOGL/revenue,/stocks/GOOGL/revenue,0,1.0,1.0,1.0,0.0,0,/stocks/GOOGL,1.0,no,no,0,83.0,INSUFFICIENT_DATA,INSUFFICIENT_DATA,yes,no,0.0,0.0,83.0,no,NO_ACTION,NONE,long-tail,none,/stocks/GOOGL=1
microsoft net income,MSFT,NET_INCOME,high,net-income,NET_INCOME,/stocks/MSFT/net-income,/stocks/MSFT/net-income,0,1.0,1.0,1.0,0.0,0,/stocks/MSFT,1.0,no,no,0,83.0,INSUFFICIENT_DATA,INSUFFICIENT_DATA,yes,no,0.0,0.0,83.0,no,NO_ACTION,NONE,long-tail,none,/stocks/MSFT=1
net income of google,*,NET_INCOME,high,net-income,NET_INCOME,*/net-income,*/net-income,1.0,1.0,2.0,2.0,0.5,1,/stocks/GOOGL,1.0,no,no,79.0,52.0,INSUFFICIENT_DATA,INSUFFICIENT_DATA,yes,no,0.0,0.0,65.5,no,NO_ACTION,NONE,long-tail,none,/stocks/GOOG/net-income=1; /stocks/GOOGL=1
lamb weston annual revenue,LW,REVENUE,high,revenue,REVENUE,/stocks/LW/revenue,/stocks/LW/revenue,1.0,1.0,2.0,2.0,0.5,1,/stocks/LW/revenue,1.0,yes,yes,44.0,58.0,INSUFFICIENT_DATA,INSUFFICIENT_DATA,yes,no,0.0,0.0,51.0,no,NO_ACTION,NONE,long-tail,none,/stocks/LW=1; /stocks/LW/revenue=1
google net income,GOOGL,NET_INCOME,high,net-income,NET_INCOME,/stocks/GOOGL/net-income,/stocks/GOOGL/net-income,2.0,1.0,3.0,3.0,0.6666666666666666,1,/stocks/GOOGL/net-income,2.0,yes,yes,53.5,45.0,INSUFFICIENT_DATA,INSUFFICIENT_DATA,yes,no,0.0,0.0,50.666666666666664,no,NO_ACTION,NONE,long-tail,none,/stocks/GOOGL/net-income=2; /stocks/GOOGL=1
alphabet googl shares outstanding 2025,GOOGL,SHARES_OUTSTANDING,high,shares-outstanding,SHARES_OUTSTANDING,/stocks/GOOGL/shares-outstanding,/stocks/GOOGL/shares-outstanding,1.0,0.0,1.0,1.0,1.0,0,/stocks/GOOGL/shares-outstanding,1.0,yes,yes,7.0,0,INSUFFICIENT_DATA,INSUFFICIENT_DATA,no,no,0.0,0.0,7.0,no,NO_ACTION,NONE,striking distance,none,/stocks/GOOGL/shares-outstanding=1
googl shares outstanding 2025,GOOGL,SHARES_OUTSTANDING,high,shares-outstanding,SHARES_OUTSTANDING,/stocks/GOOGL/shares-outstanding,/stocks/GOOGL/shares-outstanding,2.0,0.0,2.0,2.0,1.0,0,/stocks/GOOGL/shares-outstanding,2.0,yes,yes,9.0,0,INSUFFICIENT_DATA,INSUFFICIENT_DATA,no,no,0.0,0.0,9.0,no,NO_ACTION,NONE,striking distance,none,/stocks/GOOGL/shares-outstanding=2
dell shares outstanding 2026,DELL,SHARES_OUTSTANDING,high,shares-outstanding,SHARES_OUTSTANDING,/stocks/DELL/shares-outstanding,/stocks/DELL/shares-outstanding,3.0,0.0,3.0,3.0,1.0,0,/stocks/DELL/shares-outstanding,3.0,yes,yes,10.0,0,INSUFFICIENT_DATA,INSUFFICIENT_DATA,no,no,0.0,0.0,10.0,no,NO_ACTION,NONE,striking distance,none,/stocks/DELL/shares-outstanding=3
investors.delltechnologies.com shares outstanding dell technologies,DELL,SHARES_OUTSTANDING,high,shares-outstanding,SHARES_OUTSTANDING,/stocks/DELL/shares-outstanding,/stocks/DELL/shares-outstanding,1.0,0.0,1.0,1.0,1.0,0,/stocks/DELL/shares-outstanding,1.0,yes,yes,11.0,0,INSUFFICIENT_DATA,INSUFFICIENT_DATA,no,no,0.0,0.0,11.0,no,NO_ACTION,NONE,page-one opportunity,none,/stocks/DELL/shares-outstanding=1
goog shares outstanding,GOOGL,SHARES_OUTSTANDING,high,shares-outstanding,SHARES_OUTSTANDING,/stocks/GOOGL/shares-outstanding,/stocks/GOOGL/shares-outstanding,1.0,0.0,1.0,1.0,1.0,0,/stocks/GOOGL/shares-outstanding,1.0,yes,yes,13.0,0,INSUFFICIENT_DATA,INSUFFICIENT_DATA,no,no,0.0,0.0,13.0,no,NO_ACTION,NONE,page-one opportunity,none,/stocks/GOOGL/shares-outstanding=1
dell shares outstanding,DELL,SHARES_OUTSTANDING,high,shares-outstanding,SHARES_OUTSTANDING,/stocks/DELL/shares-outstanding,/stocks/DELL/shares-outstanding,1.0,0.0,1.0,1.0,1.0,0,/stocks/DELL/shares-outstanding,1.0,yes,yes,14.0,0,INSUFFICIENT_DATA,INSUFFICIENT_DATA,no,no,0.0,0.0,14.0,no,NO_ACTION,NONE,page-one opportunity,none,/stocks/DELL/shares-outstanding=1
nvidia outstanding shares,NVDA,SHARES_OUTSTANDING,high,shares-outstanding,SHARES_OUTSTANDING,/stocks/NVDA/shares-outstanding,/stocks/NVDA/shares-outstanding,1.0,0.0,1.0,1.0,1.0,0,/stocks/NVDA/shares-outstanding,1.0,yes,yes,24.0,0,INSUFFICIENT_DATA,INSUFFICIENT_DATA,no,no,0.0,0.0,24.0,no,NO_ACTION,NONE,long-tail,none,/stocks/NVDA/shares-outstanding=1
syy dividend history,SYY,DIVIDEND,high,dividend-history,DIVIDEND,/stocks/SYY/dividend-history,/stocks/SYY/dividend-history,1.0,0.0,1.0,1.0,1.0,0,/stocks/SYY/dividend-history,1.0,yes,yes,24.0,0,INSUFFICIENT_DATA,INSUFFICIENT_DATA,no,no,0.0,0.0,24.0,no,NO_ACTION,NONE,long-tail,none,/stocks/SYY/dividend-history=1
alphabet shares outstanding,GOOGL,SHARES_OUTSTANDING,high,shares-outstanding,SHARES_OUTSTANDING,/stocks/GOOGL/shares-outstanding,/stocks/GOOGL/shares-outstanding,1.0,0.0,1.0,1.0,1.0,0,/stocks/GOOGL/shares-outstanding,1.0,yes,yes,26.0,0,INSUFFICIENT_DATA,INSUFFICIENT_DATA,no,no,0.0,0.0,26.0,no,NO_ACTION,NONE,long-tail,none,/stocks/GOOGL/shares-outstanding=1
boeing earnings per share,BA,EPS,high,eps,EPS,/stocks/BA/eps,/stocks/BA/eps,1.0,0.0,1.0,1.0,1.0,0,/stocks/BA/eps,1.0,yes,yes,27.0,0,INSUFFICIENT_DATA,INSUFFICIENT_DATA,no,no,0.0,0.0,27.0,no,NO_ACTION,NONE,long-tail,none,/stocks/BA/eps=1
eix stock dividend history,EIX,DIVIDEND,high,dividend-history,DIVIDEND,/stocks/EIX/dividend-history,/stocks/EIX/dividend-history,1.0,0.0,1.0,1.0,1.0,0,/stocks/EIX/dividend-history,1.0,yes,yes,28.0,0,INSUFFICIENT_DATA,INSUFFICIENT_DATA,no,no,0.0,0.0,28.0,no,NO_ACTION,NONE,long-tail,none,/stocks/EIX/dividend-history=1
sm dividend history,SM,DIVIDEND,high,dividend-history,DIVIDEND,/stocks/SM/dividend-history,/stocks/SM/dividend-history,1.0,0.0,1.0,1.0,1.0,0,/stocks/SM/dividend-history,1.0,yes,yes,28.0,0,INSUFFICIENT_DATA,INSUFFICIENT_DATA,no,no,0.0,0.0,28.0,no,NO_ACTION,NONE,long-tail,none,/stocks/SM/dividend-history=1
tr dividend history,TR,DIVIDEND,high,dividend-history,DIVIDEND,/stocks/TR/dividend-history,/stocks/TR/dividend-history,1.0,0.0,1.0,1.0,1.0,0,/stocks/TR/dividend-history,1.0,yes,yes,28.0,0,INSUFFICIENT_DATA,INSUFFICIENT_DATA,no,no,0.0,0.0,28.0,no,NO_ACTION,NONE,long-tail,none,/stocks/TR/dividend-history=1
verizon annual revenue,VZ,REVENUE,high,revenue,REVENUE,/stocks/VZ/revenue,/stocks/VZ/revenue,1.0,0.0,1.0,1.0,1.0,0,/stocks/VZ/revenue,1.0,yes,yes,28.0,0,INSUFFICIENT_DATA,INSUFFICIENT_DATA,no,no,0.0,0.0,28.0,no,NO_ACTION,NONE,long-tail,none,/stocks/VZ/revenue=1
ms dividend history,MS,DIVIDEND,high,dividend-history,DIVIDEND,/stocks/MS/dividend-history,/stocks/MS/dividend-history,1.0,0.0,1.0,1.0,1.0,0,/stocks/MS/dividend-history,1.0,yes,yes,29.0,0,INSUFFICIENT_DATA,INSUFFICIENT_DATA,no,no,0.0,0.0,29.0,no,NO_ACTION,NONE,long-tail,none,/stocks/MS/dividend-history=1
does crwd pay dividends,CRWD,DIVIDEND,high,dividend-history,DIVIDEND,/stocks/CRWD/dividend-history,/stocks/CRWD/dividend-history,1.0,0.0,1.0,1.0,1.0,0,/stocks/CRWD/dividend-history,1.0,yes,yes,30.0,0,INSUFFICIENT_DATA,INSUFFICIENT_DATA,no,no,0.0,0.0,30.0,no,NO_ACTION,NONE,long-tail,none,/stocks/CRWD/dividend-history=1
moh stock dividend,MOH,DIVIDEND,high,dividend-history,DIVIDEND,/stocks/MOH/dividend-history,/stocks/MOH/dividend-history,1.0,0.0,1.0,1.0,1.0,0,/stocks/MOH/dividend-history,1.0,yes,yes,33.0,0,INSUFFICIENT_DATA,INSUFFICIENT_DATA,no,no,0.0,0.0,33.0,no,NO_ACTION,NONE,long-tail,none,/stocks/MOH/dividend-history=1
doc dividend history,DOC,DIVIDEND,high,dividend-history,DIVIDEND,/stocks/DOC/dividend-history,/stocks/DOC/dividend-history,1.0,0.0,1.0,1.0,1.0,0,/stocks/DOC/dividend-history,1.0,yes,yes,34.0,0,INSUFFICIENT_DATA,INSUFFICIENT_DATA,no,no,0.0,0.0,34.0,no,NO_ACTION,NONE,long-tail,none,/stocks/DOC/dividend-history=1
insw dividend history,INSW,DIVIDEND,high,dividend-history,DIVIDEND,/stocks/INSW/dividend-history,/stocks/INSW/dividend-history,1.0,0.0,1.0,1.0,1.0,0,/stocks/INSW/dividend-history,1.0,yes,yes,34.0,0,INSUFFICIENT_DATA,INSUFFICIENT_DATA,no,no,0.0,0.0,34.0,no,NO_ACTION,NONE,long-tail,none,/stocks/INSW/dividend-history=1
krc dividend history,KRC,DIVIDEND,high,dividend-history,DIVIDEND,/stocks/KRC/dividend-history,/stocks/KRC/dividend-history,1.0,0.0,1.0,1.0,1.0,0,/stocks/KRC/dividend-history,1.0,yes,yes,34.0,0,INSUFFICIENT_DATA,INSUFFICIENT_DATA,no,no,0.0,0.0,34.0,no,NO_ACTION,NONE,long-tail,none,/stocks/KRC/dividend-history=1
motorola solutions annual revenue,MSI,REVENUE,high,revenue,REVENUE,/stocks/MSI/revenue,/stocks/MSI/revenue,1.0,0.0,1.0,1.0,1.0,0,/stocks/MSI/revenue,1.0,yes,yes,35.0,0,INSUFFICIENT_DATA,INSUFFICIENT_DATA,no,no,0.0,0.0,35.0,no,NO_ACTION,NONE,long-tail,none,/stocks/MSI/revenue=1
veeva annual revenue,VEEV,REVENUE,high,revenue,REVENUE,/stocks/VEEV/revenue,/stocks/VEEV/revenue,1.0,0.0,1.0,1.0,1.0,0,/stocks/VEEV/revenue,1.0,yes,yes,36.0,0,INSUFFICIENT_DATA,INSUFFICIENT_DATA,no,no,0.0,0.0,36.0,no,NO_ACTION,NONE,long-tail,none,/stocks/VEEV/revenue=1
wm dividend history,WM,DIVIDEND,high,dividend-history,DIVIDEND,/stocks/WM/dividend-history,/stocks/WM/dividend-history,2.0,0.0,2.0,2.0,1.0,0,/stocks/WM/dividend-history,2.0,yes,yes,37.0,0,INSUFFICIENT_DATA,INSUFFICIENT_DATA,no,no,0.0,0.0,37.0,no,NO_ACTION,NONE,long-tail,none,/stocks/WM/dividend-history=2
nflx revenue,NFLX,REVENUE,high,revenue,REVENUE,/stocks/NFLX/revenue,/stocks/NFLX/revenue,1.0,0.0,1.0,1.0,1.0,0,/stocks/NFLX/revenue,1.0,yes,yes,39.0,0,INSUFFICIENT_DATA,INSUFFICIENT_DATA,no,no,0.0,0.0,39.0,no,NO_ACTION,NONE,long-tail,none,/stocks/NFLX/revenue=1
stwd dividend history,STWD,DIVIDEND,high,dividend-history,DIVIDEND,/stocks/STWD/dividend-history,/stocks/STWD/dividend-history,1.0,0.0,1.0,1.0,1.0,0,/stocks/STWD/dividend-history,1.0,yes,yes,39.0,0,INSUFFICIENT_DATA,INSUFFICIENT_DATA,no,no,0.0,0.0,39.0,no,NO_ACTION,NONE,long-tail,none,/stocks/STWD/dividend-history=1
etd stock dividend,ETD,DIVIDEND,high,dividend-history,DIVIDEND,/stocks/ETD/dividend-history,/stocks/ETD/dividend-history,1.0,0.0,1.0,1.0,1.0,0,/stocks/ETD/dividend-history,1.0,yes,yes,40.0,0,INSUFFICIENT_DATA,INSUFFICIENT_DATA,no,no,0.0,0.0,40.0,no,NO_ACTION,NONE,long-tail,none,/stocks/ETD/dividend-history=1
wells fargo stock dividend,WFC,DIVIDEND,high,dividend-history,DIVIDEND,/stocks/WFC/dividend-history,/stocks/WFC/dividend-history,4.0,0.0,4.0,4.0,1.0,0,/stocks/WFC/dividend-history,4.0,yes,yes,40.75,0,INSUFFICIENT_DATA,INSUFFICIENT_DATA,no,no,0.0,0.0,40.75,no,NO_ACTION,NONE,long-tail,none,/stocks/WFC/dividend-history=4
arr dividend,ARR,DIVIDEND,high,dividend-history,DIVIDEND,/stocks/ARR/dividend-history,/stocks/ARR/dividend-history,1.0,0.0,1.0,1.0,1.0,0,/stocks/ARR/dividend-history,1.0,yes,yes,41.0,0,INSUFFICIENT_DATA,INSUFFICIENT_DATA,no,no,0.0,0.0,41.0,no,NO_ACTION,NONE,long-tail,none,/stocks/ARR/dividend-history=1
marriott dividend history,MAR,DIVIDEND,high,dividend-history,DIVIDEND,/stocks/MAR/dividend-history,/stocks/MAR/dividend-history,2.0,0.0,2.0,2.0,1.0,0,/stocks/MAR/dividend-history,2.0,yes,yes,42.0,0,INSUFFICIENT_DATA,INSUFFICIENT_DATA,no,no,0.0,0.0,42.0,no,NO_ACTION,NONE,long-tail,none,/stocks/MAR/dividend-history=2
nutanix revenue,NTNX,REVENUE,high,revenue,REVENUE,/stocks/NTNX/revenue,/stocks/NTNX/revenue,3.0,0.0,3.0,3.0,1.0,0,/stocks/NTNX/revenue,3.0,yes,yes,44.666666666666664,0,INSUFFICIENT_DATA,INSUFFICIENT_DATA,no,no,0.0,0.0,44.666666666666664,no,NO_ACTION,NONE,long-tail,none,/stocks/NTNX/revenue=3
cheesecake factory annual revenue,CAKE,REVENUE,high,revenue,REVENUE,/stocks/CAKE/revenue,/stocks/CAKE/revenue,1.0,0.0,1.0,1.0,1.0,0,/stocks/CAKE/revenue,1.0,yes,yes,45.0,0,INSUFFICIENT_DATA,INSUFFICIENT_DATA,no,no,0.0,0.0,45.0,no,NO_ACTION,NONE,long-tail,none,/stocks/CAKE/revenue=1
google net income 2023,GOOGL,NET_INCOME,high,net-income,NET_INCOME,/stocks/GOOGL/net-income,/stocks/GOOGL/net-income,1.0,0.0,1.0,1.0,1.0,0,/stocks/GOOGL/net-income,1.0,yes,yes,45.0,0,INSUFFICIENT_DATA,INSUFFICIENT_DATA,no,no,0.0,0.0,45.0,no,NO_ACTION,NONE,long-tail,none,/stocks/GOOGL/net-income=1
schrodinger revenue,SDGR,REVENUE,high,revenue,REVENUE,/stocks/SDGR/revenue,/stocks/SDGR/revenue,2.0,0.0,2.0,2.0,1.0,0,/stocks/SDGR/revenue,2.0,yes,yes,45.5,0,INSUFFICIENT_DATA,INSUFFICIENT_DATA,no,no,0.0,0.0,45.5,no,NO_ACTION,NONE,long-tail,none,/stocks/SDGR/revenue=2
does crowdstrike offer dividend payments?,CRWD,DIVIDEND,high,dividend-history,DIVIDEND,/stocks/CRWD/dividend-history,/stocks/CRWD/dividend-history,1.0,0.0,1.0,1.0,1.0,0,/stocks/CRWD/dividend-history,1.0,yes,yes,46.0,0,INSUFFICIENT_DATA,INSUFFICIENT_DATA,no,no,0.0,0.0,46.0,no,NO_ACTION,NONE,long-tail,none,/stocks/CRWD/dividend-history=1
henry schein revenue,HSIC,REVENUE,high,revenue,REVENUE,/stocks/HSIC/revenue,/stocks/HSIC/revenue,2.0,0.0,2.0,2.0,1.0,0,/stocks/HSIC/revenue,2.0,yes,yes,46.0,0,INSUFFICIENT_DATA,INSUFFICIENT_DATA,no,no,0.0,0.0,46.0,no,NO_ACTION,NONE,long-tail,none,/stocks/HSIC/revenue=2
krc dividend,KRC,DIVIDEND,high,dividend-history,DIVIDEND,/stocks/KRC/dividend-history,/stocks/KRC/dividend-history,1.0,0.0,1.0,1.0,1.0,0,/stocks/KRC/dividend-history,1.0,yes,yes,46.0,0,INSUFFICIENT_DATA,INSUFFICIENT_DATA,no,no,0.0,0.0,46.0,no,NO_ACTION,NONE,long-tail,none,/stocks/KRC/dividend-history=1
tootsie roll dividend,TR,DIVIDEND,high,dividend-history,DIVIDEND,/stocks/TR/dividend-history,/stocks/TR/dividend-history,1.0,0.0,1.0,1.0,1.0,0,/stocks/TR/dividend-history,1.0,yes,yes,46.0,0,INSUFFICIENT_DATA,INSUFFICIENT_DATA,no,no,0.0,0.0,46.0,no,NO_ACTION,NONE,long-tail,none,/stocks/TR/dividend-history=1
tootsie roll stock dividend,TR,DIVIDEND,high,dividend-history,DIVIDEND,/stocks/TR/dividend-history,/stocks/TR/dividend-history,1.0,0.0,1.0,1.0,1.0,0,/stocks/TR/dividend-history,1.0,yes,yes,46.0,0,INSUFFICIENT_DATA,INSUFFICIENT_DATA,no,no,0.0,0.0,46.0,no,NO_ACTION,NONE,long-tail,none,/stocks/TR/dividend-history=1
google shares outstanding,GOOGL,SHARES_OUTSTANDING,high,shares-outstanding,SHARES_OUTSTANDING,/stocks/GOOGL/shares-outstanding,/stocks/GOOGL/shares-outstanding,2.0,0.0,2.0,2.0,1.0,0,/stocks/GOOGL/shares-outstanding,2.0,yes,yes,46.5,0,INSUFFICIENT_DATA,INSUFFICIENT_DATA,no,no,0.0,0.0,46.5,no,NO_ACTION,NONE,long-tail,none,/stocks/GOOGL/shares-outstanding=2
ge healthcare annual revenue,GEHC,REVENUE,high,revenue,REVENUE,/stocks/GEHC/revenue,/stocks/GEHC/revenue,1.0,0.0,1.0,1.0,1.0,0,/stocks/GEHC/revenue,1.0,yes,yes,47.0,0,INSUFFICIENT_DATA,INSUFFICIENT_DATA,no,no,0.0,0.0,47.0,no,NO_ACTION,NONE,long-tail,none,/stocks/GEHC/revenue=1
google net income 2022,GOOGL,NET_INCOME,high,net-income,NET_INCOME,/stocks/GOOGL/net-income,/stocks/GOOGL/net-income,1.0,0.0,1.0,1.0,1.0,0,/stocks/GOOGL/net-income,1.0,yes,yes,47.0,0,INSUFFICIENT_DATA,INSUFFICIENT_DATA,no,no,0.0,0.0,47.0,no,NO_ACTION,NONE,long-tail,none,/stocks/GOOGL/net-income=1
google earnings per share,GOOGL,EPS,high,eps,EPS,/stocks/GOOGL/eps,/stocks/GOOGL/eps,1.0,0.0,1.0,1.0,1.0,0,/stocks/GOOGL/eps,1.0,yes,yes,48.0,0,INSUFFICIENT_DATA,INSUFFICIENT_DATA,no,no,0.0,0.0,48.0,no,NO_ACTION,NONE,long-tail,none,/stocks/GOOGL/eps=1
kkr stock dividend,KKR,DIVIDEND,high,dividend-history,DIVIDEND,/stocks/KKR/dividend-history,/stocks/KKR/dividend-history,2.0,0.0,2.0,2.0,1.0,0,/stocks/KKR/dividend-history,2.0,yes,yes,49.0,0,INSUFFICIENT_DATA,INSUFFICIENT_DATA,no,no,0.0,0.0,49.0,no,NO_ACTION,NONE,long-tail,none,/stocks/KKR/dividend-history=2
msci dividends,MSCI,DIVIDEND,high,dividend-history,DIVIDEND,/stocks/MSCI/dividend-history,/stocks/MSCI/dividend-history,16.0,0.0,16.0,16.0,1.0,0,/stocks/MSCI/dividend-history,16.0,yes,yes,49.625,0,WEAK_EVIDENCE,STRONG_OWNERSHIP,no,no,0.0,0.0,49.625,no,NO_ACTION,NONE,long-tail,none,/stocks/MSCI/dividend-history=16
$vsts vestis corporation $vsts earnings revenue financials,VSTS,REVENUE,high,revenue,REVENUE,/stocks/VSTS/revenue,/stocks/VSTS/revenue,2.0,0.0,2.0,2.0,1.0,0,/stocks/VSTS/revenue,2.0,yes,yes,50.0,0,INSUFFICIENT_DATA,INSUFFICIENT_DATA,no,no,0.0,0.0,50.0,no,NO_ACTION,NONE,long-tail,none,/stocks/VSTS/revenue=2
annual revenue coca cola,KO,REVENUE,high,revenue,REVENUE,/stocks/KO/revenue,/stocks/KO/revenue,1.0,0.0,1.0,1.0,1.0,0,/stocks/KO/revenue,1.0,yes,yes,50.0,0,INSUFFICIENT_DATA,INSUFFICIENT_DATA,no,no,0.0,0.0,50.0,no,NO_ACTION,NONE,long-tail,none,/stocks/KO/revenue=1
msci dividend indexes,MSCI,DIVIDEND,high,dividend-history,DIVIDEND,/stocks/MSCI/dividend-history,/stocks/MSCI/dividend-history,14.0,0.0,14.0,14.0,1.0,0,/stocks/MSCI/dividend-history,14.0,yes,yes,50.357142857142854,0,WEAK_EVIDENCE,STRONG_OWNERSHIP,no,no,0.0,0.0,50.357142857142854,no,NO_ACTION,NONE,long-tail,none,/stocks/MSCI/dividend-history=14
comcast yearly revenue,CMCSA,REVENUE,high,revenue,REVENUE,/stocks/CMCSA/revenue,/stocks/CMCSA/revenue,1.0,0.0,1.0,1.0,1.0,0,/stocks/CMCSA/revenue,1.0,yes,yes,51.0,0,INSUFFICIENT_DATA,INSUFFICIENT_DATA,no,no,0.0,0.0,51.0,no,NO_ACTION,NONE,long-tail,none,/stocks/CMCSA/revenue=1
organon stock dividend,OGN,DIVIDEND,high,dividend-history,DIVIDEND,/stocks/OGN/dividend-history,/stocks/OGN/dividend-history,1.0,0.0,1.0,1.0,1.0,0,/stocks/OGN/dividend-history,1.0,yes,yes,51.0,0,INSUFFICIENT_DATA,INSUFFICIENT_DATA,no,no,0.0,0.0,51.0,no,NO_ACTION,NONE,long-tail,none,/stocks/OGN/dividend-history=1
starwood property trust dividend,STWD,DIVIDEND,high,dividend-history,DIVIDEND,/stocks/STWD/dividend-history,/stocks/STWD/dividend-history,2.0,0.0,2.0,2.0,1.0,0,/stocks/STWD/dividend-history,2.0,yes,yes,51.0,0,INSUFFICIENT_DATA,INSUFFICIENT_DATA,no,no,0.0,0.0,51.0,no,NO_ACTION,NONE,long-tail,none,/stocks/STWD/dividend-history=2
nyse wfc dividend,WFC,DIVIDEND,high,dividend-history,DIVIDEND,/stocks/WFC/dividend-history,/stocks/WFC/dividend-history,1.0,0.0,1.0,1.0,1.0,0,/stocks/WFC/dividend-history,1.0,yes,yes,52.0,0,INSUFFICIENT_DATA,INSUFFICIENT_DATA,no,no,0.0,0.0,52.0,no,NO_ACTION,NONE,long-tail,none,/stocks/WFC/dividend-history=1
walt disney company revenue,DIS,REVENUE,high,revenue,REVENUE,/stocks/DIS/revenue,/stocks/DIS/revenue,1.0,0.0,1.0,1.0,1.0,0,/stocks/DIS/revenue,1.0,yes,yes,52.0,0,INSUFFICIENT_DATA,INSUFFICIENT_DATA,no,no,0.0,0.0,52.0,no,NO_ACTION,NONE,long-tail,none,/stocks/DIS/revenue=1
clearway energy stock dividend,CWEN,DIVIDEND,high,dividend-history,DIVIDEND,/stocks/CWEN/dividend-history,/stocks/CWEN/dividend-history,1.0,0.0,1.0,1.0,1.0,0,/stocks/CWEN/dividend-history,1.0,yes,yes,53.0,0,INSUFFICIENT_DATA,INSUFFICIENT_DATA,no,no,0.0,0.0,53.0,no,NO_ACTION,NONE,long-tail,none,/stocks/CWEN/dividend-history=1
comcast annual revenue,CMCSA,REVENUE,high,revenue,REVENUE,/stocks/CMCSA/revenue,/stocks/CMCSA/revenue,1.0,0.0,1.0,1.0,1.0,0,/stocks/CMCSA/revenue,1.0,yes,yes,53.0,0,INSUFFICIENT_DATA,INSUFFICIENT_DATA,no,no,0.0,0.0,53.0,no,NO_ACTION,NONE,long-tail,none,/stocks/CMCSA/revenue=1
lyft revenue,LYFT,REVENUE,high,revenue,REVENUE,/stocks/LYFT/revenue,/stocks/LYFT/revenue,1.0,0.0,1.0,1.0,1.0,0,/stocks/LYFT/revenue,1.0,yes,yes,53.0,0,INSUFFICIENT_DATA,INSUFFICIENT_DATA,no,no,0.0,0.0,53.0,no,NO_ACTION,NONE,long-tail,none,/stocks/LYFT/revenue=1
outstanding shares of google,GOOGL,SHARES_OUTSTANDING,high,shares-outstanding,SHARES_OUTSTANDING,/stocks/GOOGL/shares-outstanding,/stocks/GOOGL/shares-outstanding,1.0,0.0,1.0,1.0,1.0,0,/stocks/GOOGL/shares-outstanding,1.0,yes,yes,53.0,0,INSUFFICIENT_DATA,INSUFFICIENT_DATA,no,no,0.0,0.0,53.0,no,NO_ACTION,NONE,long-tail,none,/stocks/GOOGL/shares-outstanding=1
yum ex dividend date,YUM,DIVIDEND,high,dividend-history,DIVIDEND,/stocks/YUM/dividend-history,/stocks/YUM/dividend-history,1.0,0.0,1.0,1.0,1.0,0,/stocks/YUM/dividend-history,1.0,yes,yes,54.0,0,INSUFFICIENT_DATA,INSUFFICIENT_DATA,no,no,0.0,0.0,54.0,no,NO_ACTION,NONE,long-tail,none,/stocks/YUM/dividend-history=1
ge healthcare revenue,GEHC,REVENUE,high,revenue,REVENUE,/stocks/GEHC/revenue,/stocks/GEHC/revenue,2.0,0.0,2.0,2.0,1.0,0,/stocks/GEHC/revenue,2.0,yes,yes,55.0,0,INSUFFICIENT_DATA,INSUFFICIENT_DATA,no,no,0.0,0.0,55.0,no,NO_ACTION,NONE,long-tail,none,/stocks/GEHC/revenue=2
palantir stock dividend,PLTR,DIVIDEND,high,dividend-history,DIVIDEND,/stocks/PLTR/dividend-history,/stocks/PLTR/dividend-history,1.0,0.0,1.0,1.0,1.0,0,/stocks/PLTR/dividend-history,1.0,yes,yes,55.0,0,INSUFFICIENT_DATA,INSUFFICIENT_DATA,no,no,0.0,0.0,55.0,no,NO_ACTION,NONE,long-tail,none,/stocks/PLTR/dividend-history=1
disney revenue breakdown,DIS,REVENUE,high,revenue,REVENUE,/stocks/DIS/revenue,/stocks/DIS/revenue,1.0,0.0,1.0,1.0,1.0,0,/stocks/DIS/revenue,1.0,yes,yes,56.0,0,INSUFFICIENT_DATA,INSUFFICIENT_DATA,no,no,0.0,0.0,56.0,no,NO_ACTION,NONE,long-tail,none,/stocks/DIS/revenue=1
google eps,GOOGL,EPS,high,eps,EPS,/stocks/GOOGL/eps,/stocks/GOOGL/eps,1.0,0.0,1.0,1.0,1.0,0,/stocks/GOOGL/eps,1.0,yes,yes,56.0,0,INSUFFICIENT_DATA,INSUFFICIENT_DATA,no,no,0.0,0.0,56.0,no,NO_ACTION,NONE,long-tail,none,/stocks/GOOGL/eps=1
kla annual revenue,KLAC,REVENUE,high,revenue,REVENUE,/stocks/KLAC/revenue,/stocks/KLAC/revenue,1.0,0.0,1.0,1.0,1.0,0,/stocks/KLAC/revenue,1.0,yes,yes,56.0,0,INSUFFICIENT_DATA,INSUFFICIENT_DATA,no,no,0.0,0.0,56.0,no,NO_ACTION,NONE,long-tail,none,/stocks/KLAC/revenue=1
stwd stock dividend,STWD,DIVIDEND,high,dividend-history,DIVIDEND,/stocks/STWD/dividend-history,/stocks/STWD/dividend-history,1.0,0.0,1.0,1.0,1.0,0,/stocks/STWD/dividend-history,1.0,yes,yes,56.0,0,INSUFFICIENT_DATA,INSUFFICIENT_DATA,no,no,0.0,0.0,56.0,no,NO_ACTION,NONE,long-tail,none,/stocks/STWD/dividend-history=1
w.w. grainger revenue,GWW,REVENUE,high,revenue,REVENUE,/stocks/GWW/revenue,/stocks/GWW/revenue,1.0,0.0,1.0,1.0,1.0,0,/stocks/GWW/revenue,1.0,yes,yes,56.0,0,INSUFFICIENT_DATA,INSUFFICIENT_DATA,no,no,0.0,0.0,56.0,no,NO_ACTION,NONE,long-tail,none,/stocks/GWW/revenue=1
wfc stock dividend,WFC,DIVIDEND,high,dividend-history,DIVIDEND,/stocks/WFC/dividend-history,/stocks/WFC/dividend-history,1.0,0.0,1.0,1.0,1.0,0,/stocks/WFC/dividend-history,1.0,yes,yes,56.0,0,INSUFFICIENT_DATA,INSUFFICIENT_DATA,no,no,0.0,0.0,56.0,no,NO_ACTION,NONE,long-tail,none,/stocks/WFC/dividend-history=1
kkr annual revenue,KKR,REVENUE,high,revenue,REVENUE,/stocks/KKR/revenue,/stocks/KKR/revenue,1.0,0.0,1.0,1.0,1.0,0,/stocks/KKR/revenue,1.0,yes,yes,57.0,0,INSUFFICIENT_DATA,INSUFFICIENT_DATA,no,no,0.0,0.0,57.0,no,NO_ACTION,NONE,long-tail,none,/stocks/KKR/revenue=1
wells fargo dividend stock,WFC,DIVIDEND,high,dividend-history,DIVIDEND,/stocks/WFC/dividend-history,/stocks/WFC/dividend-history,1.0,0.0,1.0,1.0,1.0,0,/stocks/WFC/dividend-history,1.0,yes,yes,57.0,0,INSUFFICIENT_DATA,INSUFFICIENT_DATA,no,no,0.0,0.0,57.0,no,NO_ACTION,NONE,long-tail,none,/stocks/WFC/dividend-history=1
comcast revenue 2024,CMCSA,REVENUE,high,revenue,REVENUE,/stocks/CMCSA/revenue,/stocks/CMCSA/revenue,1.0,0.0,1.0,1.0,1.0,0,/stocks/CMCSA/revenue,1.0,yes,yes,58.0,0,INSUFFICIENT_DATA,INSUFFICIENT_DATA,no,no,0.0,0.0,58.0,no,NO_ACTION,NONE,long-tail,none,/stocks/CMCSA/revenue=1
google net profit 2025,GOOG,NET_INCOME,high,net-income,NET_INCOME,/stocks/GOOG/net-income,/stocks/GOOG/net-income,1.0,0.0,1.0,1.0,1.0,0,/stocks/GOOG/net-income,1.0,yes,yes,58.0,0,INSUFFICIENT_DATA,INSUFFICIENT_DATA,no,no,0.0,0.0,58.0,no,NO_ACTION,NONE,long-tail,none,/stocks/GOOG/net-income=1
stwd next dividend date,STWD,DIVIDEND,high,dividend-history,DIVIDEND,/stocks/STWD/dividend-history,/stocks/STWD/dividend-history,1.0,0.0,1.0,1.0,1.0,0,/stocks/STWD/dividend-history,1.0,yes,yes,58.0,0,INSUFFICIENT_DATA,INSUFFICIENT_DATA,no,no,0.0,0.0,58.0,no,NO_ACTION,NONE,long-tail,none,/stocks/STWD/dividend-history=1
marathon petroleum stock dividend,MPC,DIVIDEND,high,dividend-history,DIVIDEND,/stocks/MPC/dividend-history,/stocks/MPC/dividend-history,1.0,0.0,1.0,1.0,1.0,0,/stocks/MPC/dividend-history,1.0,yes,yes,59.0,0,INSUFFICIENT_DATA,INSUFFICIENT_DATA,no,no,0.0,0.0,59.0,no,NO_ACTION,NONE,long-tail,none,/stocks/MPC/dividend-history=1
warner bros revenue,WBD,REVENUE,high,revenue,REVENUE,/stocks/WBD/revenue,/stocks/WBD/revenue,1.0,0.0,1.0,1.0,1.0,0,/stocks/WBD/revenue,1.0,yes,yes,59.0,0,INSUFFICIENT_DATA,INSUFFICIENT_DATA,no,no,0.0,0.0,59.0,no,NO_ACTION,NONE,long-tail,none,/stocks/WBD/revenue=1
waste management dividend,WM,DIVIDEND,high,dividend-history,DIVIDEND,/stocks/WM/dividend-history,/stocks/WM/dividend-history,2.0,0.0,2.0,2.0,1.0,0,/stocks/WM/dividend-history,2.0,yes,yes,59.5,0,INSUFFICIENT_DATA,INSUFFICIENT_DATA,no,no,0.0,0.0,59.5,no,NO_ACTION,NONE,long-tail,none,/stocks/WM/dividend-history=2
kkr ex dividend date,KKR,DIVIDEND,high,dividend-history,DIVIDEND,/stocks/KKR/dividend-history,/stocks/KKR/dividend-history,1.0,0.0,1.0,1.0,1.0,0,/stocks/KKR/dividend-history,1.0,yes,yes,60.0,0,INSUFFICIENT_DATA,INSUFFICIENT_DATA,no,no,0.0,0.0,60.0,no,NO_ACTION,NONE,long-tail,none,/stocks/KKR/dividend-history=1
netflix annual revenue,NFLX,REVENUE,high,revenue,REVENUE,/stocks/NFLX/revenue,/stocks/NFLX/revenue,1.0,0.0,1.0,1.0,1.0,0,/stocks/NFLX/revenue,1.0,yes,yes,60.0,0,INSUFFICIENT_DATA,INSUFFICIENT_DATA,no,no,0.0,0.0,60.0,no,NO_ACTION,NONE,long-tail,none,/stocks/NFLX/revenue=1
google outstanding shares,GOOGL,SHARES_OUTSTANDING,high,shares-outstanding,SHARES_OUTSTANDING,/stocks/GOOGL/shares-outstanding,/stocks/GOOGL/shares-outstanding,1.0,0.0,1.0,1.0,1.0,0,/stocks/GOOGL/shares-outstanding,1.0,yes,yes,61.0,0,INSUFFICIENT_DATA,INSUFFICIENT_DATA,no,no,0.0,0.0,61.0,no,NO_ACTION,NONE,long-tail,none,/stocks/GOOGL/shares-outstanding=1
wells fargo dividend history,WFC,DIVIDEND,high,dividend-history,DIVIDEND,/stocks/WFC/dividend-history,/stocks/WFC/dividend-history,3.0,0.0,3.0,3.0,1.0,0,/stocks/WFC/dividend-history,3.0,yes,yes,61.666666666666664,0,INSUFFICIENT_DATA,INSUFFICIENT_DATA,no,no,0.0,0.0,61.666666666666664,no,NO_ACTION,NONE,long-tail,none,/stocks/WFC/dividend-history=3
coca-cola revenue,KO,REVENUE,high,revenue,REVENUE,/stocks/KO/revenue,/stocks/KO/revenue,1.0,0.0,1.0,1.0,1.0,0,/stocks/KO/revenue,1.0,yes,yes,62.0,0,INSUFFICIENT_DATA,INSUFFICIENT_DATA,no,no,0.0,0.0,62.0,no,NO_ACTION,NONE,long-tail,none,/stocks/KO/revenue=1
disney revenue,DIS,REVENUE,high,revenue,REVENUE,/stocks/DIS/revenue,/stocks/DIS/revenue,2.0,0.0,2.0,2.0,1.0,0,/stocks/DIS/revenue,2.0,yes,yes,62.0,0,INSUFFICIENT_DATA,INSUFFICIENT_DATA,no,no,0.0,0.0,62.0,no,NO_ACTION,NONE,long-tail,none,/stocks/DIS/revenue=2
kkr dividend date,KKR,DIVIDEND,high,dividend-history,DIVIDEND,/stocks/KKR/dividend-history,/stocks/KKR/dividend-history,1.0,0.0,1.0,1.0,1.0,0,/stocks/KKR/dividend-history,1.0,yes,yes,62.0,0,INSUFFICIENT_DATA,INSUFFICIENT_DATA,no,no,0.0,0.0,62.0,no,NO_ACTION,NONE,long-tail,none,/stocks/KKR/dividend-history=1
hban ex dividend date,HBAN,DIVIDEND,high,dividend-history,DIVIDEND,/stocks/HBAN/dividend-history,/stocks/HBAN/dividend-history,2.0,0.0,2.0,2.0,1.0,0,/stocks/HBAN/dividend-history,2.0,yes,yes,62.5,0,INSUFFICIENT_DATA,INSUFFICIENT_DATA,no,no,0.0,0.0,62.5,no,NO_ACTION,NONE,long-tail,none,/stocks/HBAN/dividend-history=2
hban dividend date,HBAN,DIVIDEND,high,dividend-history,DIVIDEND,/stocks/HBAN/dividend-history,/stocks/HBAN/dividend-history,1.0,0.0,1.0,1.0,1.0,0,/stocks/HBAN/dividend-history,1.0,yes,yes,63.0,0,INSUFFICIENT_DATA,INSUFFICIENT_DATA,no,no,0.0,0.0,63.0,no,NO_ACTION,NONE,long-tail,none,/stocks/HBAN/dividend-history=1
wells fargo dividend,WFC,DIVIDEND,high,dividend-history,DIVIDEND,/stocks/WFC/dividend-history,/stocks/WFC/dividend-history,6.0,0.0,6.0,6.0,1.0,0,/stocks/WFC/dividend-history,6.0,yes,yes,63.333333333333336,0,INSUFFICIENT_DATA,INSUFFICIENT_DATA,no,no,0.0,0.0,63.333333333333336,no,NO_ACTION,NONE,long-tail,none,/stocks/WFC/dividend-history=6
netflix yearly revenue,NFLX,REVENUE,high,revenue,REVENUE,/stocks/NFLX/revenue,/stocks/NFLX/revenue,2.0,0.0,2.0,2.0,1.0,0,/stocks/NFLX/revenue,2.0,yes,yes,63.5,0,INSUFFICIENT_DATA,INSUFFICIENT_DATA,no,no,0.0,0.0,63.5,no,NO_ACTION,NONE,long-tail,none,/stocks/NFLX/revenue=2
alphabet net income 2024,*,NET_INCOME,high,net-income,NET_INCOME,*/net-income,*/net-income,3.0,0.0,3.0,3.0,1.0,1,/stocks/GOOGL/net-income,2.0,yes,yes,64.0,0,INSUFFICIENT_DATA,INSUFFICIENT_DATA,no,no,0.0,0.0,64.0,no,NO_ACTION,NONE,long-tail,none,/stocks/GOOGL/net-income=2; /stocks/GOOG/net-income=1
google net profit,GOOGL,NET_INCOME,high,net-income,NET_INCOME,/stocks/GOOGL/net-income,/stocks/GOOGL/net-income,1.0,0.0,1.0,1.0,1.0,0,/stocks/GOOGL/net-income,1.0,yes,yes,64.0,0,INSUFFICIENT_DATA,INSUFFICIENT_DATA,no,no,0.0,0.0,64.0,no,NO_ACTION,NONE,long-tail,none,/stocks/GOOGL/net-income=1
palantir dividend,PLTR,DIVIDEND,high,dividend-history,DIVIDEND,/stocks/PLTR/dividend-history,/stocks/PLTR/dividend-history,1.0,0.0,1.0,1.0,1.0,0,/stocks/PLTR/dividend-history,1.0,yes,yes,64.0,0,INSUFFICIENT_DATA,INSUFFICIENT_DATA,no,no,0.0,0.0,64.0,no,NO_ACTION,NONE,long-tail,none,/stocks/PLTR/dividend-history=1
hban dividend,HBAN,DIVIDEND,high,dividend-history,DIVIDEND,/stocks/HBAN/dividend-history,/stocks/HBAN/dividend-history,1.0,0.0,1.0,1.0,1.0,0,/stocks/HBAN/dividend-history,1.0,yes,yes,65.0,0,INSUFFICIENT_DATA,INSUFFICIENT_DATA,no,no,0.0,0.0,65.0,no,NO_ACTION,NONE,long-tail,none,/stocks/HBAN/dividend-history=1
mrk dividend,MRK,DIVIDEND,high,dividend-history,DIVIDEND,/stocks/MRK/dividend-history,/stocks/MRK/dividend-history,1.0,0.0,1.0,1.0,1.0,0,/stocks/MRK/dividend-history,1.0,yes,yes,65.0,0,INSUFFICIENT_DATA,INSUFFICIENT_DATA,no,no,0.0,0.0,65.0,no,NO_ACTION,NONE,long-tail,none,/stocks/MRK/dividend-history=1
apple shares outstanding 2011,AAPL,SHARES_OUTSTANDING,high,shares-outstanding,SHARES_OUTSTANDING,/stocks/AAPL/shares-outstanding,/stocks/AAPL/shares-outstanding,1.0,0.0,1.0,1.0,1.0,0,/stocks/AAPL/shares-outstanding,1.0,yes,yes,66.0,0,INSUFFICIENT_DATA,INSUFFICIENT_DATA,no,no,0.0,0.0,66.0,no,NO_ACTION,NONE,long-tail,none,/stocks/AAPL/shares-outstanding=1
wm stock dividend,WM,DIVIDEND,high,dividend-history,DIVIDEND,/stocks/WM/dividend-history,/stocks/WM/dividend-history,2.0,0.0,2.0,2.0,1.0,0,/stocks/WM/dividend-history,2.0,yes,yes,66.0,0,INSUFFICIENT_DATA,INSUFFICIENT_DATA,no,no,0.0,0.0,66.0,no,NO_ACTION,NONE,long-tail,none,/stocks/WM/dividend-history=2
wfc dividend history,WFC,DIVIDEND,high,dividend-history,DIVIDEND,/stocks/WFC/dividend-history,/stocks/WFC/dividend-history,4.0,0.0,4.0,4.0,1.0,0,/stocks/WFC/dividend-history,4.0,yes,yes,66.75,0,INSUFFICIENT_DATA,INSUFFICIENT_DATA,no,no,0.0,0.0,66.75,no,NO_ACTION,NONE,long-tail,none,/stocks/WFC/dividend-history=4
carvana shares outstanding 2025,CVNA,SHARES_OUTSTANDING,high,shares-outstanding,SHARES_OUTSTANDING,/stocks/CVNA/shares-outstanding,/stocks/CVNA/shares-outstanding,1.0,0.0,1.0,1.0,1.0,0,/stocks/CVNA/shares-outstanding,1.0,yes,yes,67.0,0,INSUFFICIENT_DATA,INSUFFICIENT_DATA,no,no,0.0,0.0,67.0,no,NO_ACTION,NONE,long-tail,none,/stocks/CVNA/shares-outstanding=1
fortive 2023 annual report revenue,FTV,REVENUE,high,revenue,REVENUE,/stocks/FTV/revenue,/stocks/FTV/revenue,1.0,0.0,1.0,1.0,1.0,0,/stocks/FTV/revenue,1.0,yes,yes,67.0,0,INSUFFICIENT_DATA,INSUFFICIENT_DATA,no,no,0.0,0.0,67.0,no,NO_ACTION,NONE,long-tail,none,/stocks/FTV/revenue=1
fortive full year 2023 revenue,FTV,REVENUE,high,revenue,REVENUE,/stocks/FTV/revenue,/stocks/FTV/revenue,1.0,0.0,1.0,1.0,1.0,0,/stocks/FTV/revenue,1.0,yes,yes,67.0,0,INSUFFICIENT_DATA,INSUFFICIENT_DATA,no,no,0.0,0.0,67.0,no,NO_ACTION,NONE,long-tail,none,/stocks/FTV/revenue=1
eps history,IP,EPS,high,eps,EPS,/stocks/IP/eps,/stocks/IP/eps,1.0,0.0,1.0,1.0,1.0,0,/stocks/IP/eps,1.0,yes,yes,68.0,0,INSUFFICIENT_DATA,INSUFFICIENT_DATA,no,no,0.0,0.0,68.0,no,NO_ACTION,NONE,long-tail,none,/stocks/IP/eps=1
fortive revenue 2023,FTV,REVENUE,high,revenue,REVENUE,/stocks/FTV/revenue,/stocks/FTV/revenue,2.0,0.0,2.0,2.0,1.0,0,/stocks/FTV/revenue,2.0,yes,yes,68.0,0,INSUFFICIENT_DATA,INSUFFICIENT_DATA,no,no,0.0,0.0,68.0,no,NO_ACTION,NONE,long-tail,none,/stocks/FTV/revenue=2
merck dividends,MRK,DIVIDEND,high,dividend-history,DIVIDEND,/stocks/MRK/dividend-history,/stocks/MRK/dividend-history,1.0,0.0,1.0,1.0,1.0,0,/stocks/MRK/dividend-history,1.0,yes,yes,68.0,0,INSUFFICIENT_DATA,INSUFFICIENT_DATA,no,no,0.0,0.0,68.0,no,NO_ACTION,NONE,long-tail,none,/stocks/MRK/dividend-history=1
wells fargo ex dividend,WFC,DIVIDEND,high,dividend-history,DIVIDEND,/stocks/WFC/dividend-history,/stocks/WFC/dividend-history,2.0,0.0,2.0,2.0,1.0,0,/stocks/WFC/dividend-history,2.0,yes,yes,68.0,0,INSUFFICIENT_DATA,INSUFFICIENT_DATA,no,no,0.0,0.0,68.0,no,NO_ACTION,NONE,long-tail,none,/stocks/WFC/dividend-history=2
hss revenue,JBSS,REVENUE,high,revenue,REVENUE,/stocks/JBSS/revenue,/stocks/JBSS/revenue,1.0,0.0,1.0,1.0,1.0,0,/stocks/JBSS/revenue,1.0,yes,yes,69.0,0,INSUFFICIENT_DATA,INSUFFICIENT_DATA,no,no,0.0,0.0,69.0,no,NO_ACTION,NONE,long-tail,none,/stocks/JBSS/revenue=1
mrk next dividend date,MRK,DIVIDEND,high,dividend-history,DIVIDEND,/stocks/MRK/dividend-history,/stocks/MRK/dividend-history,1.0,0.0,1.0,1.0,1.0,0,/stocks/MRK/dividend-history,1.0,yes,yes,69.0,0,INSUFFICIENT_DATA,INSUFFICIENT_DATA,no,no,0.0,0.0,69.0,no,NO_ACTION,NONE,long-tail,none,/stocks/MRK/dividend-history=1
tripadvisor revenue,TRIP,REVENUE,high,revenue,REVENUE,/stocks/TRIP/revenue,/stocks/TRIP/revenue,1.0,0.0,1.0,1.0,1.0,0,/stocks/TRIP/revenue,1.0,yes,yes,69.0,0,INSUFFICIENT_DATA,INSUFFICIENT_DATA,no,no,0.0,0.0,69.0,no,NO_ACTION,NONE,long-tail,none,/stocks/TRIP/revenue=1
entegris revenue,ENTG,REVENUE,high,revenue,REVENUE,/stocks/ENTG/revenue,/stocks/ENTG/revenue,1.0,0.0,1.0,1.0,1.0,0,/stocks/ENTG/revenue,1.0,yes,yes,70.0,0,INSUFFICIENT_DATA,INSUFFICIENT_DATA,no,no,0.0,0.0,70.0,no,NO_ACTION,NONE,long-tail,none,/stocks/ENTG/revenue=1
fortive 2023 annual revenue,FTV,REVENUE,high,revenue,REVENUE,/stocks/FTV/revenue,/stocks/FTV/revenue,1.0,0.0,1.0,1.0,1.0,0,/stocks/FTV/revenue,1.0,yes,yes,70.0,0,INSUFFICIENT_DATA,INSUFFICIENT_DATA,no,no,0.0,0.0,70.0,no,NO_ACTION,NONE,long-tail,none,/stocks/FTV/revenue=1
concentrix revenue,CNXC,REVENUE,high,revenue,REVENUE,/stocks/CNXC/revenue,/stocks/CNXC/revenue,2.0,0.0,2.0,2.0,1.0,0,/stocks/CNXC/revenue,2.0,yes,yes,70.5,0,INSUFFICIENT_DATA,INSUFFICIENT_DATA,no,no,0.0,0.0,70.5,no,NO_ACTION,NONE,long-tail,none,/stocks/CNXC/revenue=2
netflix revenue per year,NFLX,REVENUE,high,revenue,REVENUE,/stocks/NFLX/revenue,/stocks/NFLX/revenue,1.0,0.0,1.0,1.0,1.0,0,/stocks/NFLX/revenue,1.0,yes,yes,71.0,0,INSUFFICIENT_DATA,INSUFFICIENT_DATA,no,no,0.0,0.0,71.0,no,NO_ACTION,NONE,long-tail,none,/stocks/NFLX/revenue=1
rh aero systems revenue,RH,REVENUE,high,revenue,REVENUE,/stocks/RH/revenue,/stocks/RH/revenue,3.0,0.0,3.0,3.0,1.0,0,/stocks/RH/revenue,3.0,yes,yes,71.33333333333333,0,INSUFFICIENT_DATA,INSUFFICIENT_DATA,no,no,0.0,0.0,71.33333333333333,no,NO_ACTION,NONE,long-tail,none,/stocks/RH/revenue=3
net income google,*,NET_INCOME,high,net-income,NET_INCOME,*/net-income,*/net-income,2.0,0.0,2.0,2.0,1.0,1,/stocks/GOOGL/net-income,1.0,yes,yes,72.5,0,INSUFFICIENT_DATA,INSUFFICIENT_DATA,no,no,0.0,0.0,72.5,no,NO_ACTION,NONE,long-tail,none,/stocks/GOOG/net-income=1; /stocks/GOOGL/net-income=1
fortive 2023 revenue,FTV,REVENUE,high,revenue,REVENUE,/stocks/FTV/revenue,/stocks/FTV/revenue,1.0,0.0,1.0,1.0,1.0,0,/stocks/FTV/revenue,1.0,yes,yes,73.0,0,INSUFFICIENT_DATA,INSUFFICIENT_DATA,no,no,0.0,0.0,73.0,no,NO_ACTION,NONE,long-tail,none,/stocks/FTV/revenue=1
revenue of genpact,G,REVENUE,high,revenue,REVENUE,/stocks/G/revenue,/stocks/G/revenue,1.0,0.0,1.0,1.0,1.0,0,/stocks/G/revenue,1.0,yes,yes,73.0,0,INSUFFICIENT_DATA,INSUFFICIENT_DATA,no,no,0.0,0.0,73.0,no,NO_ACTION,NONE,long-tail,none,/stocks/G/revenue=1
wells fargo stock dividend history,WFC,DIVIDEND,high,dividend-history,DIVIDEND,/stocks/WFC/dividend-history,/stocks/WFC/dividend-history,1.0,0.0,1.0,1.0,1.0,0,/stocks/WFC/dividend-history,1.0,yes,yes,73.0,0,INSUFFICIENT_DATA,INSUFFICIENT_DATA,no,no,0.0,0.0,73.0,no,NO_ACTION,NONE,long-tail,none,/stocks/WFC/dividend-history=1
huntington bank stock dividend,HBAN,DIVIDEND,high,dividend-history,DIVIDEND,/stocks/HBAN/dividend-history,/stocks/HBAN/dividend-history,1.0,0.0,1.0,1.0,1.0,0,/stocks/HBAN/dividend-history,1.0,yes,yes,75.0,0,INSUFFICIENT_DATA,INSUFFICIENT_DATA,no,no,0.0,0.0,75.0,no,NO_ACTION,NONE,long-tail,none,/stocks/HBAN/dividend-history=1
verizon revenue,VZ,REVENUE,high,revenue,REVENUE,/stocks/VZ/revenue,/stocks/VZ/revenue,1.0,0.0,1.0,1.0,1.0,0,/stocks/VZ/revenue,1.0,yes,yes,75.0,0,INSUFFICIENT_DATA,INSUFFICIENT_DATA,no,no,0.0,0.0,75.0,no,NO_ACTION,NONE,long-tail,none,/stocks/VZ/revenue=1
wells fargo dividend schedule,WFC,DIVIDEND,high,dividend-history,DIVIDEND,/stocks/WFC/dividend-history,/stocks/WFC/dividend-history,1.0,0.0,1.0,1.0,1.0,0,/stocks/WFC/dividend-history,1.0,yes,yes,76.0,0,INSUFFICIENT_DATA,INSUFFICIENT_DATA,no,no,0.0,0.0,76.0,no,NO_ACTION,NONE,long-tail,none,/stocks/WFC/dividend-history=1
lxp dividend history,LXP,DIVIDEND,high,dividend-history,DIVIDEND,/stocks/LXP/dividend-history,/stocks/LXP/dividend-history,1.0,0.0,1.0,1.0,1.0,0,/stocks/LXP/dividend-history,1.0,yes,yes,79.0,0,INSUFFICIENT_DATA,INSUFFICIENT_DATA,no,no,0.0,0.0,79.0,no,NO_ACTION,NONE,long-tail,none,/stocks/LXP/dividend-history=1
wfc ex dividend date,WFC,DIVIDEND,high,dividend-history,DIVIDEND,/stocks/WFC/dividend-history,/stocks/WFC/dividend-history,1.0,0.0,1.0,1.0,1.0,0,/stocks/WFC/dividend-history,1.0,yes,yes,79.0,0,INSUFFICIENT_DATA,INSUFFICIENT_DATA,no,no,0.0,0.0,79.0,no,NO_ACTION,NONE,long-tail,none,/stocks/WFC/dividend-history=1
wellsfargo dividend,WFC,DIVIDEND,high,dividend-history,DIVIDEND,/stocks/WFC/dividend-history,/stocks/WFC/dividend-history,1.0,0.0,1.0,1.0,1.0,0,/stocks/WFC/dividend-history,1.0,yes,yes,80.0,0,INSUFFICIENT_DATA,INSUFFICIENT_DATA,no,no,0.0,0.0,80.0,no,NO_ACTION,NONE,long-tail,none,/stocks/WFC/dividend-history=1
wfc dividends,WFC,DIVIDEND,high,dividend-history,DIVIDEND,/stocks/WFC/dividend-history,/stocks/WFC/dividend-history,1.0,0.0,1.0,1.0,1.0,0,/stocks/WFC/dividend-history,1.0,yes,yes,80.0,0,INSUFFICIENT_DATA,INSUFFICIENT_DATA,no,no,0.0,0.0,80.0,no,NO_ACTION,NONE,long-tail,none,/stocks/WFC/dividend-history=1
verizon revenue 2023,VZ,REVENUE,high,revenue,REVENUE,/stocks/VZ/revenue,/stocks/VZ/revenue,1.0,0.0,1.0,1.0,1.0,0,/stocks/VZ/revenue,1.0,yes,yes,81.0,0,INSUFFICIENT_DATA,INSUFFICIENT_DATA,no,no,0.0,0.0,81.0,no,NO_ACTION,NONE,long-tail,none,/stocks/VZ/revenue=1
wf dividend,WFC,DIVIDEND,high,dividend-history,DIVIDEND,/stocks/WFC/dividend-history,/stocks/WFC/dividend-history,1.0,0.0,1.0,1.0,1.0,0,/stocks/WFC/dividend-history,1.0,yes,yes,81.0,0,INSUFFICIENT_DATA,INSUFFICIENT_DATA,no,no,0.0,0.0,81.0,no,NO_ACTION,NONE,long-tail,none,/stocks/WFC/dividend-history=1
wfc ex dividend,WFC,DIVIDEND,high,dividend-history,DIVIDEND,/stocks/WFC/dividend-history,/stocks/WFC/dividend-history,1.0,0.0,1.0,1.0,1.0,0,/stocks/WFC/dividend-history,1.0,yes,yes,81.0,0,INSUFFICIENT_DATA,INSUFFICIENT_DATA,no,no,0.0,0.0,81.0,no,NO_ACTION,NONE,long-tail,none,/stocks/WFC/dividend-history=1
wfc dividend,WFC,DIVIDEND,high,dividend-history,DIVIDEND,/stocks/WFC/dividend-history,/stocks/WFC/dividend-history,3.0,0.0,3.0,3.0,1.0,0,/stocks/WFC/dividend-history,3.0,yes,yes,81.33333333333333,0,INSUFFICIENT_DATA,INSUFFICIENT_DATA,no,no,0.0,0.0,81.33333333333333,no,NO_ACTION,NONE,long-tail,none,/stocks/WFC/dividend-history=3
verizon wireless annual revenue,VZ,REVENUE,high,revenue,REVENUE,/stocks/VZ/revenue,/stocks/VZ/revenue,1.0,0.0,1.0,1.0,1.0,0,/stocks/VZ/revenue,1.0,yes,yes,82.0,0,INSUFFICIENT_DATA,INSUFFICIENT_DATA,no,no,0.0,0.0,82.0,no,NO_ACTION,NONE,long-tail,none,/stocks/VZ/revenue=1
welltower dividend,WELL,DIVIDEND,high,dividend-history,DIVIDEND,/stocks/WELL/dividend-history,/stocks/WELL/dividend-history,1.0,0.0,1.0,1.0,1.0,0,/stocks/WELL/dividend-history,1.0,yes,yes,83.0,0,INSUFFICIENT_DATA,INSUFFICIENT_DATA,no,no,0.0,0.0,83.0,no,NO_ACTION,NONE,long-tail,none,/stocks/WELL/dividend-history=1
disney s dividend history,DIS,DIVIDEND,high,dividend-history,DIVIDEND,/stocks/DIS/dividend-history,/stocks/DIS/dividend-history,5.0,0.0,5.0,5.0,1.0,0,/stocks/DIS/dividend-history,5.0,yes,yes,84.4,0,INSUFFICIENT_DATA,INSUFFICIENT_DATA,no,no,0.0,0.0,84.4,no,NO_ACTION,NONE,long-tail,none,/stocks/DIS/dividend-history=5
wells fargo dividends,WFC,DIVIDEND,high,dividend-history,DIVIDEND,/stocks/WFC/dividend-history,/stocks/WFC/dividend-history,1.0,0.0,1.0,1.0,1.0,0,/stocks/WFC/dividend-history,1.0,yes,yes,85.0,0,INSUFFICIENT_DATA,INSUFFICIENT_DATA,no,no,0.0,0.0,85.0,no,NO_ACTION,NONE,long-tail,none,/stocks/WFC/dividend-history=1
wfc dividend date,WFC,DIVIDEND,high,dividend-history,DIVIDEND,/stocks/WFC/dividend-history,/stocks/WFC/dividend-history,2.0,0.0,2.0,2.0,1.0,0,/stocks/WFC/dividend-history,2.0,yes,yes,85.5,0,INSUFFICIENT_DATA,INSUFFICIENT_DATA,no,no,0.0,0.0,85.5,no,NO_ACTION,NONE,long-tail,none,/stocks/WFC/dividend-history=2
wells fargo dividend date,WFC,DIVIDEND,high,dividend-history,DIVIDEND,/stocks/WFC/dividend-history,/stocks/WFC/dividend-history,1.0,0.0,1.0,1.0,1.0,0,/stocks/WFC/dividend-history,1.0,yes,yes,86.0,0,INSUFFICIENT_DATA,INSUFFICIENT_DATA,no,no,0.0,0.0,86.0,no,NO_ACTION,NONE,long-tail,none,/stocks/WFC/dividend-history=1
nyse dlr dividend,DLR,DIVIDEND,high,dividend-history,DIVIDEND,/stocks/DLR/dividend-history,/stocks/DLR/dividend-history,1.0,0.0,1.0,1.0,1.0,0,/stocks/DLR/dividend-history,1.0,yes,yes,88.0,0,INSUFFICIENT_DATA,INSUFFICIENT_DATA,no,no,0.0,0.0,88.0,no,NO_ACTION,NONE,long-tail,none,/stocks/DLR/dividend-history=1
wells fargo dividend pay date,WFC,DIVIDEND,high,dividend-history,DIVIDEND,/stocks/WFC/dividend-history,/stocks/WFC/dividend-history,1.0,0.0,1.0,1.0,1.0,0,/stocks/WFC/dividend-history,1.0,yes,yes,88.0,0,INSUFFICIENT_DATA,INSUFFICIENT_DATA,no,no,0.0,0.0,88.0,no,NO_ACTION,NONE,long-tail,none,/stocks/WFC/dividend-history=1
