url,source,incoming_in_sample,outgoing_in_sample,anchor_texts,orphan_status,page_family,wrong_metric_anchor,duplicate_anchor_count
"/stocks/AAP","/stocks/AAP/free-cash-flow","10","11","AAP | Full AAP fundamentals page &rarr;","sampled","company","no","1"
"/stocks/AAP/free-cash-flow.csv","/stocks/AAP/free-cash-flow","1","11","Download CSV","outside_sample","metric","no","1"
"/stocks/AAP/revenue","/stocks/AAP/free-cash-flow","7","11","Revenue","sampled","metric","no","1"
"/stocks/AAP/net-income","/stocks/AAP/free-cash-flow","7","11","Net Income","sampled","metric","no","1"
"/stocks/AAP/gross-profit","/stocks/AAP/free-cash-flow","8","11","Gross Profit","outside_sample","metric","no","1"
"/stocks/AAP/eps","/stocks/AAP/free-cash-flow","7","11","Earnings per Share (EPS)","sampled","metric","no","1"
"/stocks/AAP/ebitda","/stocks/AAP/free-cash-flow","8","11","EBITDA","outside_sample","metric","no","1"
"/stocks/AAP/total-debt","/stocks/AAP/free-cash-flow","7","11","Total Debt","sampled","metric","no","1"
"/stocks/AAP/shares-outstanding","/stocks/AAP/free-cash-flow","7","11","Shares Outstanding","sampled","metric","no","1"
"/stocks/AAP/dividend-history","/stocks/AAP/free-cash-flow","8","11","Dividend History","outside_sample","metric","no","1"
"/stocks/AAP/pe-ratio","/stocks/AAP/free-cash-flow","7","11","P/E Ratio","sampled","metric","no","1"
"/stocks/WAB","/stocks/WAB/eps","3","11","WAB | Full WAB fundamentals page &rarr;","outside_sample","company","no","1"
"/stocks/WAB/eps.csv","/stocks/WAB/eps","1","11","Download CSV","outside_sample","metric","no","1"
"/stocks/WAB/revenue","/stocks/WAB/eps","3","11","Revenue","outside_sample","metric","no","1"
"/stocks/WAB/net-income","/stocks/WAB/eps","3","11","Net Income","outside_sample","metric","no","1"
"/stocks/WAB/gross-profit","/stocks/WAB/eps","3","11","Gross Profit","outside_sample","metric","no","1"
"/stocks/WAB/ebitda","/stocks/WAB/eps","3","11","EBITDA","outside_sample","metric","no","1"
"/stocks/WAB/free-cash-flow","/stocks/WAB/eps","3","11","Free Cash Flow","outside_sample","metric","no","1"
"/stocks/WAB/total-debt","/stocks/WAB/eps","3","11","Total Debt","outside_sample","metric","no","1"
"/stocks/WAB/shares-outstanding","/stocks/WAB/eps","2","11","Shares Outstanding","sampled","metric","no","1"
"/stocks/WAB/dividend-history","/stocks/WAB/eps","2","11","Dividend History","sampled","metric","no","1"
"/stocks/WAB/pe-ratio","/stocks/WAB/eps","3","11","P/E Ratio","outside_sample","metric","no","1"
"/stocks/WAB","/stocks/WAB/shares-outstanding","3","11","WAB | Full WAB fundamentals page &rarr;","outside_sample","company","no","1"
"/stocks/WAB/shares-outstanding.csv","/stocks/WAB/shares-outstanding","1","11","Download CSV","outside_sample","metric","no","1"
"/stocks/WAB/revenue","/stocks/WAB/shares-outstanding","3","11","Revenue","outside_sample","metric","no","1"
"/stocks/WAB/net-income","/stocks/WAB/shares-outstanding","3","11","Net Income","outside_sample","metric","no","1"
"/stocks/WAB/gross-profit","/stocks/WAB/shares-outstanding","3","11","Gross Profit","outside_sample","metric","no","1"
"/stocks/WAB/eps","/stocks/WAB/shares-outstanding","2","11","Earnings per Share (EPS)","sampled","metric","no","1"
"/stocks/WAB/ebitda","/stocks/WAB/shares-outstanding","3","11","EBITDA","outside_sample","metric","no","1"
"/stocks/WAB/free-cash-flow","/stocks/WAB/shares-outstanding","3","11","Free Cash Flow","outside_sample","metric","no","1"
"/stocks/WAB/total-debt","/stocks/WAB/shares-outstanding","3","11","Total Debt","outside_sample","metric","no","1"
"/stocks/WAB/dividend-history","/stocks/WAB/shares-outstanding","2","11","Dividend History","sampled","metric","no","1"
"/stocks/WAB/pe-ratio","/stocks/WAB/shares-outstanding","3","11","P/E Ratio","outside_sample","metric","no","1"
"/stocks/WAB","/stocks/WAB/dividend-history","3","11","WAB | Full WAB fundamentals page &rarr;","outside_sample","company","no","1"
"/stocks/WAB/dividend-history.csv","/stocks/WAB/dividend-history","1","11","Download CSV","outside_sample","metric","no","1"
"/stocks/WAB/revenue","/stocks/WAB/dividend-history","3","11","Revenue","outside_sample","metric","no","1"
"/stocks/WAB/net-income","/stocks/WAB/dividend-history","3","11","Net Income","outside_sample","metric","no","1"
"/stocks/WAB/gross-profit","/stocks/WAB/dividend-history","3","11","Gross Profit","outside_sample","metric","no","1"
"/stocks/WAB/eps","/stocks/WAB/dividend-history","2","11","Earnings per Share (EPS)","sampled","metric","no","1"
"/stocks/WAB/ebitda","/stocks/WAB/dividend-history","3","11","EBITDA","outside_sample","metric","no","1"
"/stocks/WAB/free-cash-flow","/stocks/WAB/dividend-history","3","11","Free Cash Flow","outside_sample","metric","no","1"
"/stocks/WAB/total-debt","/stocks/WAB/dividend-history","3","11","Total Debt","outside_sample","metric","no","1"
"/stocks/WAB/shares-outstanding","/stocks/WAB/dividend-history","2","11","Shares Outstanding","sampled","metric","no","1"
"/stocks/WAB/pe-ratio","/stocks/WAB/dividend-history","3","11","P/E Ratio","outside_sample","metric","no","1"
"/stocks/AAP","/stocks/AAP/revenue","10","11","AAP | Full AAP fundamentals page &rarr;","sampled","company","no","1"
"/stocks/AAP/revenue.csv","/stocks/AAP/revenue","1","11","Download CSV","outside_sample","metric","no","1"
"/stocks/AAP/net-income","/stocks/AAP/revenue","7","11","Net Income","sampled","metric","no","1"
"/stocks/AAP/gross-profit","/stocks/AAP/revenue","8","11","Gross Profit","outside_sample","metric","no","1"
"/stocks/AAP/eps","/stocks/AAP/revenue","7","11","Earnings per Share (EPS)","sampled","metric","no","1"
"/stocks/AAP/ebitda","/stocks/AAP/revenue","8","11","EBITDA","outside_sample","metric","no","1"
"/stocks/AAP/free-cash-flow","/stocks/AAP/revenue","7","11","Free Cash Flow","sampled","metric","no","1"
"/stocks/AAP/total-debt","/stocks/AAP/revenue","7","11","Total Debt","sampled","metric","no","1"
"/stocks/AAP/shares-outstanding","/stocks/AAP/revenue","7","11","Shares Outstanding","sampled","metric","no","1"
"/stocks/AAP/dividend-history","/stocks/AAP/revenue","8","11","Dividend History","outside_sample","metric","no","1"
"/stocks/AAP/pe-ratio","/stocks/AAP/revenue","7","11","P/E Ratio","sampled","metric","no","1"
"/stocks/AAP","/stocks/AAP/eps","10","11","AAP | Full AAP fundamentals page &rarr;","sampled","company","no","1"
"/stocks/AAP/eps.csv","/stocks/AAP/eps","1","11","Download CSV","outside_sample","metric","no","1"
"/stocks/AAP/revenue","/stocks/AAP/eps","7","11","Revenue","sampled","metric","no","1"
"/stocks/AAP/net-income","/stocks/AAP/eps","7","11","Net Income","sampled","metric","no","1"
"/stocks/AAP/gross-profit","/stocks/AAP/eps","8","11","Gross Profit","outside_sample","metric","no","1"
"/stocks/AAP/ebitda","/stocks/AAP/eps","8","11","EBITDA","outside_sample","metric","no","1"
"/stocks/AAP/free-cash-flow","/stocks/AAP/eps","7","11","Free Cash Flow","sampled","metric","no","1"
"/stocks/AAP/total-debt","/stocks/AAP/eps","7","11","Total Debt","sampled","metric","no","1"
"/stocks/AAP/shares-outstanding","/stocks/AAP/eps","7","11","Shares Outstanding","sampled","metric","no","1"
"/stocks/AAP/dividend-history","/stocks/AAP/eps","8","11","Dividend History","outside_sample","metric","no","1"
"/stocks/AAP/pe-ratio","/stocks/AAP/eps","7","11","P/E Ratio","sampled","metric","no","1"
"/stocks/AAP","/stocks/AAP/shares-outstanding","10","11","AAP | Full AAP fundamentals page &rarr;","sampled","company","no","1"
"/stocks/AAP/shares-outstanding.csv","/stocks/AAP/shares-outstanding","1","11","Download CSV","outside_sample","metric","no","1"
"/stocks/AAP/revenue","/stocks/AAP/shares-outstanding","7","11","Revenue","sampled","metric","no","1"
"/stocks/AAP/net-income","/stocks/AAP/shares-outstanding","7","11","Net Income","sampled","metric","no","1"
"/stocks/AAP/gross-profit","/stocks/AAP/shares-outstanding","8","11","Gross Profit","outside_sample","metric","no","1"
"/stocks/AAP/eps","/stocks/AAP/shares-outstanding","7","11","Earnings per Share (EPS)","sampled","metric","no","1"
"/stocks/AAP/ebitda","/stocks/AAP/shares-outstanding","8","11","EBITDA","outside_sample","metric","no","1"
"/stocks/AAP/free-cash-flow","/stocks/AAP/shares-outstanding","7","11","Free Cash Flow","sampled","metric","no","1"
"/stocks/AAP/total-debt","/stocks/AAP/shares-outstanding","7","11","Total Debt","sampled","metric","no","1"
"/stocks/AAP/dividend-history","/stocks/AAP/shares-outstanding","8","11","Dividend History","outside_sample","metric","no","1"
"/stocks/AAP/pe-ratio","/stocks/AAP/shares-outstanding","7","11","P/E Ratio","sampled","metric","no","1"
"/stocks/AAP","/stocks/AAP/total-debt","10","11","AAP | Full AAP fundamentals page &rarr;","sampled","company","no","1"
"/stocks/AAP/total-debt.csv","/stocks/AAP/total-debt","1","11","Download CSV","outside_sample","metric","no","1"
"/stocks/AAP/revenue","/stocks/AAP/total-debt","7","11","Revenue","sampled","metric","no","1"
"/stocks/AAP/net-income","/stocks/AAP/total-debt","7","11","Net Income","sampled","metric","no","1"
"/stocks/AAP/gross-profit","/stocks/AAP/total-debt","8","11","Gross Profit","outside_sample","metric","no","1"
"/stocks/AAP/eps","/stocks/AAP/total-debt","7","11","Earnings per Share (EPS)","sampled","metric","no","1"
"/stocks/AAP/ebitda","/stocks/AAP/total-debt","8","11","EBITDA","outside_sample","metric","no","1"
"/stocks/AAP/free-cash-flow","/stocks/AAP/total-debt","7","11","Free Cash Flow","sampled","metric","no","1"
"/stocks/AAP/shares-outstanding","/stocks/AAP/total-debt","7","11","Shares Outstanding","sampled","metric","no","1"
"/stocks/AAP/dividend-history","/stocks/AAP/total-debt","8","11","Dividend History","outside_sample","metric","no","1"
"/stocks/AAP/pe-ratio","/stocks/AAP/total-debt","7","11","P/E Ratio","sampled","metric","no","1"
"/stocks/AAP","/stocks/AAP/net-income","10","11","AAP | Full AAP fundamentals page &rarr;","sampled","company","no","1"
"/stocks/AAP/net-income.csv","/stocks/AAP/net-income","1","11","Download CSV","outside_sample","metric","no","1"
"/stocks/AAP/revenue","/stocks/AAP/net-income","7","11","Revenue","sampled","metric","no","1"
"/stocks/AAP/gross-profit","/stocks/AAP/net-income","8","11","Gross Profit","outside_sample","metric","no","1"
"/stocks/AAP/eps","/stocks/AAP/net-income","7","11","Earnings per Share (EPS)","sampled","metric","no","1"
"/stocks/AAP/ebitda","/stocks/AAP/net-income","8","11","EBITDA","outside_sample","metric","no","1"
"/stocks/AAP/free-cash-flow","/stocks/AAP/net-income","7","11","Free Cash Flow","sampled","metric","no","1"
"/stocks/AAP/total-debt","/stocks/AAP/net-income","7","11","Total Debt","sampled","metric","no","1"
"/stocks/AAP/shares-outstanding","/stocks/AAP/net-income","7","11","Shares Outstanding","sampled","metric","no","1"
"/stocks/AAP/dividend-history","/stocks/AAP/net-income","8","11","Dividend History","outside_sample","metric","no","1"
"/stocks/AAP/pe-ratio","/stocks/AAP/net-income","7","11","P/E Ratio","sampled","metric","no","1"
"/stocks/AAP","/stocks/AAP/pe-ratio","10","11","AAP | Full AAP fundamentals page &rarr;","sampled","company","no","1"
"/stocks/AAP/pe-ratio.csv","/stocks/AAP/pe-ratio","1","11","Download CSV","outside_sample","metric","no","1"
"/stocks/AAP/revenue","/stocks/AAP/pe-ratio","7","11","Revenue","sampled","metric","no","1"
"/stocks/AAP/net-income","/stocks/AAP/pe-ratio","7","11","Net Income","sampled","metric","no","1"
"/stocks/AAP/gross-profit","/stocks/AAP/pe-ratio","8","11","Gross Profit","outside_sample","metric","no","1"
"/stocks/AAP/eps","/stocks/AAP/pe-ratio","7","11","Earnings per Share (EPS)","sampled","metric","no","1"
"/stocks/AAP/ebitda","/stocks/AAP/pe-ratio","8","11","EBITDA","outside_sample","metric","no","1"
"/stocks/AAP/free-cash-flow","/stocks/AAP/pe-ratio","7","11","Free Cash Flow","sampled","metric","no","1"
"/stocks/AAP/total-debt","/stocks/AAP/pe-ratio","7","11","Total Debt","sampled","metric","no","1"
"/stocks/AAP/shares-outstanding","/stocks/AAP/pe-ratio","7","11","Shares Outstanding","sampled","metric","no","1"
"/stocks/AAP/dividend-history","/stocks/AAP/pe-ratio","8","11","Dividend History","outside_sample","metric","no","1"
"/stocks/AMT","/compare/AMT-vs-DLR","1","2","American Tower Corporation (AMT) | AMT fundamentals &rarr;","outside_sample","company","no","1"
"/stocks/DLR","/compare/AMT-vs-DLR","1","2","Digital Realty Trust, Inc. (DLR) | DLR fundamentals &rarr;","outside_sample","company","no","1"
"/stocks/AAP/revenue","/stocks/AAP","7","30","Revenue","sampled","metric","no","1"
"/stocks/AAP/net-income","/stocks/AAP","7","30","Net Income","sampled","metric","no","1"
"/stocks/AAP/gross-profit","/stocks/AAP","8","30","Gross Profit","outside_sample","metric","no","1"
"/stocks/AAP/eps","/stocks/AAP","7","30","Earnings per Share (EPS)","sampled","metric","no","1"
"/stocks/AAP/ebitda","/stocks/AAP","8","30","EBITDA","outside_sample","metric","no","1"
"/stocks/AAP/free-cash-flow","/stocks/AAP","7","30","Free Cash Flow","sampled","metric","no","1"
"/stocks/AAP/total-debt","/stocks/AAP","7","30","Total Debt","sampled","metric","no","1"
"/stocks/AAP/shares-outstanding","/stocks/AAP","7","30","Shares Outstanding","sampled","metric","no","1"
"/stocks/AAP/dividend-history","/stocks/AAP","8","30","Dividend History","outside_sample","metric","no","1"
"/stocks/AAP/pe-ratio","/stocks/AAP","7","30","P/E Ratio","sampled","metric","no","1"
"/stocks/ABNB","/stocks/AAP","1","30","ABNB","outside_sample","company","no","1"
"/stocks/AMZN","/stocks/AAP","1","30","AMZN","outside_sample","company","no","1"
"/stocks/APTV","/stocks/AAP","1","30","APTV","outside_sample","company","no","1"
"/stocks/AZO","/stocks/AAP","1","30","AZO","outside_sample","company","no","1"
"/stocks/BBY","/stocks/AAP","1","30","BBY","outside_sample","company","no","1"
"/stocks/BKNG","/stocks/AAP","1","30","BKNG","outside_sample","company","no","1"
"/stocks/CCL","/stocks/AAP","1","30","CCL","outside_sample","company","no","1"
"/stocks/CMG","/stocks/AAP","1","30","CMG","outside_sample","company","no","1"
"/stocks/CVNA","/stocks/AAP","1","30","CVNA","outside_sample","company","no","1"
"/stocks/DASH","/stocks/AAP","1","30","DASH","outside_sample","company","no","1"
"/stocks/DECK","/stocks/AAP","1","30","DECK","outside_sample","company","no","1"
"/stocks/DHI","/stocks/AAP","1","30","DHI","outside_sample","company","no","1"
"/stocks/A","/stocks/AAP","4","30","A","outside_sample","company","no","1"
"/stocks/AA","/stocks/AAP","4","30","AA","outside_sample","company","no","1"
"/stocks/AAL","/stocks/AAP","4","30","AAL","outside_sample","company","no","1"
"/stocks/AAMI","/stocks/AAP","4","30","AAMI","outside_sample","company","no","1"
"/stocks/AAON","/stocks/AAP","4","30","AAON","outside_sample","company","no","1"
"/stocks/AAPL","/stocks/AAP","4","30","AAPL","outside_sample","company","no","1"
"/stocks/AAT","/stocks/AAP","4","30","AAT","outside_sample","company","no","1"
"/stocks/ABBV","/stocks/AAP","2","30","ABBV","outside_sample","company","no","1"
"/stocks/PLTK","/compare/PLTK-vs-YELP","1","2","Playtika Holding Corp. (PLTK) | PLTK fundamentals &rarr;","outside_sample","company","no","1"
"/stocks/YELP","/compare/PLTK-vs-YELP","1","2","Yelp Inc. (YELP) | YELP fundamentals &rarr;","outside_sample","company","no","1"
"/stocks/DELL","/stocks/DELL/shares-outstanding","1","11","DELL | Full DELL fundamentals page &rarr;","outside_sample","company","no","1"
"/stocks/DELL/shares-outstanding.csv","/stocks/DELL/shares-outstanding","1","11","Download CSV","outside_sample","metric","no","1"
"/stocks/DELL/revenue","/stocks/DELL/shares-outstanding","1","11","Revenue","outside_sample","metric","no","1"
"/stocks/DELL/net-income","/stocks/DELL/shares-outstanding","1","11","Net Income","outside_sample","metric","no","1"
"/stocks/DELL/gross-profit","/stocks/DELL/shares-outstanding","1","11","Gross Profit","outside_sample","metric","no","1"
"/stocks/DELL/eps","/stocks/DELL/shares-outstanding","1","11","Earnings per Share (EPS)","outside_sample","metric","no","1"
"/stocks/DELL/ebitda","/stocks/DELL/shares-outstanding","1","11","EBITDA","outside_sample","metric","no","1"
"/stocks/DELL/free-cash-flow","/stocks/DELL/shares-outstanding","1","11","Free Cash Flow","outside_sample","metric","no","1"
"/stocks/DELL/total-debt","/stocks/DELL/shares-outstanding","1","11","Total Debt","outside_sample","metric","no","1"
"/stocks/DELL/dividend-history","/stocks/DELL/shares-outstanding","1","11","Dividend History","outside_sample","metric","no","1"
"/stocks/DELL/pe-ratio","/stocks/DELL/shares-outstanding","1","11","P/E Ratio","outside_sample","metric","no","1"
"/stocks/ACI/revenue","/stocks/ACI","1","30","Revenue","outside_sample","metric","no","1"
"/stocks/ACI/net-income","/stocks/ACI","1","30","Net Income","outside_sample","metric","no","1"
"/stocks/ACI/gross-profit","/stocks/ACI","1","30","Gross Profit","outside_sample","metric","no","1"
"/stocks/ACI/eps","/stocks/ACI","1","30","Earnings per Share (EPS)","outside_sample","metric","no","1"
"/stocks/ACI/ebitda","/stocks/ACI","1","30","EBITDA","outside_sample","metric","no","1"
"/stocks/ACI/free-cash-flow","/stocks/ACI","1","30","Free Cash Flow","outside_sample","metric","no","1"
"/stocks/ACI/total-debt","/stocks/ACI","1","30","Total Debt","outside_sample","metric","no","1"
"/stocks/ACI/shares-outstanding","/stocks/ACI","1","30","Shares Outstanding","outside_sample","metric","no","1"
"/stocks/ACI/dividend-history","/stocks/ACI","1","30","Dividend History","outside_sample","metric","no","1"
"/stocks/ACI/pe-ratio","/stocks/ACI","1","30","P/E Ratio","outside_sample","metric","no","1"
"/stocks/ADM","/stocks/ACI","1","30","ADM","outside_sample","company","no","1"
"/stocks/BF.B","/stocks/ACI","1","30","BF.B","outside_sample","company","no","1"
"/stocks/BG","/stocks/ACI","1","30","BG","outside_sample","company","no","1"
"/stocks/CAG","/stocks/ACI","1","30","CAG","outside_sample","company","no","1"
"/stocks/CASY","/stocks/ACI","1","30","CASY","outside_sample","company","no","1"
"/stocks/CHD","/stocks/ACI","1","30","CHD","outside_sample","company","no","1"
"/stocks/CL","/stocks/ACI","1","30","CL","outside_sample","company","no","1"
"/stocks/CLX","/stocks/ACI","1","30","CLX","outside_sample","company","no","1"
"/stocks/COST","/stocks/ACI","1","30","COST","outside_sample","company","no","1"
"/stocks/CPB","/stocks/ACI","1","30","CPB","outside_sample","company","no","1"
"/stocks/DG","/stocks/ACI","1","30","DG","outside_sample","company","no","1"
"/stocks/DLTR","/stocks/ACI","1","30","DLTR","outside_sample","company","no","1"
"/stocks/A","/stocks/ACI","4","30","A","outside_sample","company","no","1"
"/stocks/AA","/stocks/ACI","4","30","AA","outside_sample","company","no","1"
"/stocks/AAL","/stocks/ACI","4","30","AAL","outside_sample","company","no","1"
"/stocks/AAMI","/stocks/ACI","4","30","AAMI","outside_sample","company","no","1"
"/stocks/AAON","/stocks/ACI","4","30","AAON","outside_sample","company","no","1"
"/stocks/AAP","/stocks/ACI","10","30","AAP","sampled","company","no","1"
"/stocks/AAPL","/stocks/ACI","4","30","AAPL","outside_sample","company","no","1"
"/stocks/AAT","/stocks/ACI","4","30","AAT","outside_sample","company","no","1"
"/stocks/DBX/revenue","/stocks/DBX","1","30","Revenue","outside_sample","metric","no","1"
"/stocks/DBX/net-income","/stocks/DBX","1","30","Net Income","outside_sample","metric","no","1"
"/stocks/DBX/gross-profit","/stocks/DBX","1","30","Gross Profit","outside_sample","metric","no","1"
"/stocks/DBX/eps","/stocks/DBX","1","30","Earnings per Share (EPS)","outside_sample","metric","no","1"
"/stocks/DBX/ebitda","/stocks/DBX","1","30","EBITDA","outside_sample","metric","no","1"
"/stocks/DBX/free-cash-flow","/stocks/DBX","1","30","Free Cash Flow","outside_sample","metric","no","1"
"/stocks/DBX/total-debt","/stocks/DBX","1","30","Total Debt","outside_sample","metric","no","1"
"/stocks/DBX/shares-outstanding","/stocks/DBX","1","30","Shares Outstanding","outside_sample","metric","no","1"
"/stocks/DBX/dividend-history","/stocks/DBX","1","30","Dividend History","outside_sample","metric","no","1"
"/stocks/DBX/pe-ratio","/stocks/DBX","1","30","P/E Ratio","outside_sample","metric","no","1"
"/stocks/AAPL","/stocks/DBX","4","30","AAPL","outside_sample","company","no","1"
"/stocks/ACN","/stocks/DBX","1","30","ACN","outside_sample","company","no","1"
"/stocks/ADBE","/stocks/DBX","1","30","ADBE","outside_sample","company","no","1"
"/stocks/ADI","/stocks/DBX","1","30","ADI","outside_sample","company","no","1"
"/stocks/ADSK","/stocks/DBX","1","30","ADSK","outside_sample","company","no","1"
"/stocks/AKAM","/stocks/DBX","1","30","AKAM","outside_sample","company","no","1"
"/stocks/AMAT","/stocks/DBX","1","30","AMAT","outside_sample","company","no","1"
"/stocks/AMD","/stocks/DBX","1","30","AMD","outside_sample","company","no","1"
"/stocks/ANET","/stocks/DBX","1","30","ANET","outside_sample","company","no","1"
"/stocks/APH","/stocks/DBX","1","30","APH","outside_sample","company","no","1"
"/stocks/APP","/stocks/DBX","1","30","APP","outside_sample","company","no","1"
"/stocks/AVGO","/stocks/DBX","1","30","AVGO","outside_sample","company","no","1"
"/stocks/A","/stocks/DBX","4","30","A","outside_sample","company","no","1"
"/stocks/AA","/stocks/DBX","4","30","AA","outside_sample","company","no","1"
"/stocks/AAL","/stocks/DBX","4","30","AAL","outside_sample","company","no","1"
"/stocks/AAMI","/stocks/DBX","4","30","AAMI","outside_sample","company","no","1"
"/stocks/AAON","/stocks/DBX","4","30","AAON","outside_sample","company","no","1"
"/stocks/AAP","/stocks/DBX","10","30","AAP","sampled","company","no","1"
"/stocks/AAT","/stocks/DBX","4","30","AAT","outside_sample","company","no","1"
"/stocks/ABBV","/stocks/DBX","2","30","ABBV","outside_sample","company","no","1"
"/stocks/MRVL","/compare/MRVL-vs-SNDK","1","2","Marvell Technology, Inc. (MRVL) | MRVL fundamentals &rarr;","outside_sample","company","no","1"
"/stocks/SNDK","/compare/MRVL-vs-SNDK","1","2","Sandisk Corporation (SNDK) | SNDK fundamentals &rarr;","outside_sample","company","no","1"
"/stocks/META/revenue","/stocks/META","1","30","Revenue","outside_sample","metric","no","1"
"/stocks/META/net-income","/stocks/META","1","30","Net Income","outside_sample","metric","no","1"
"/stocks/META/gross-profit","/stocks/META","1","30","Gross Profit","outside_sample","metric","no","1"
"/stocks/META/eps","/stocks/META","1","30","Earnings per Share (EPS)","outside_sample","metric","no","1"
"/stocks/META/ebitda","/stocks/META","1","30","EBITDA","outside_sample","metric","no","1"
"/stocks/META/free-cash-flow","/stocks/META","1","30","Free Cash Flow","outside_sample","metric","no","1"
"/stocks/META/total-debt","/stocks/META","1","30","Total Debt","outside_sample","metric","no","1"
"/stocks/META/shares-outstanding","/stocks/META","1","30","Shares Outstanding","outside_sample","metric","no","1"
"/stocks/META/dividend-history","/stocks/META","1","30","Dividend History","outside_sample","metric","no","1"
"/stocks/META/pe-ratio","/stocks/META","1","30","P/E Ratio","outside_sample","metric","no","1"
"/stocks/CHTR","/stocks/META","1","30","CHTR","outside_sample","company","no","1"
"/stocks/CMCSA","/stocks/META","1","30","CMCSA","outside_sample","company","no","1"
"/stocks/DIS","/stocks/META","1","30","DIS","outside_sample","company","no","1"
"/stocks/EA","/stocks/META","1","30","EA","outside_sample","company","no","1"
"/stocks/FOX","/stocks/META","1","30","FOX","outside_sample","company","no","1"
"/stocks/FOXA","/stocks/META","1","30","FOXA","outside_sample","company","no","1"
"/stocks/GOOG","/stocks/META","1","30","GOOG","outside_sample","company","no","1"
"/stocks/GOOGL","/stocks/META","1","30","GOOGL","outside_sample","company","no","1"
"/stocks/LYV","/stocks/META","1","30","LYV","outside_sample","company","no","1"
"/stocks/NFLX","/stocks/META","1","30","NFLX","outside_sample","company","no","1"
"/stocks/NWS","/stocks/META","1","30","NWS","outside_sample","company","no","1"
"/stocks/NWSA","/stocks/META","1","30","NWSA","outside_sample","company","no","1"
"/stocks/A","/stocks/META","4","30","A","outside_sample","company","no","1"
"/stocks/AA","/stocks/META","4","30","AA","outside_sample","company","no","1"
"/stocks/AAL","/stocks/META","4","30","AAL","outside_sample","company","no","1"
"/stocks/AAMI","/stocks/META","4","30","AAMI","outside_sample","company","no","1"
"/stocks/AAON","/stocks/META","4","30","AAON","outside_sample","company","no","1"
"/stocks/AAP","/stocks/META","10","30","AAP","sampled","company","no","1"
"/stocks/AAPL","/stocks/META","4","30","AAPL","outside_sample","company","no","1"
"/stocks/AAT","/stocks/META","4","30","AAT","outside_sample","company","no","1"
