query,clicks,impressions,ctr,position
mur vs lib,1,23,0.043478260869565216,6.956521739130435
"""dropbox"" ""2019"" ""10-k"" ""gross profit""",0,2,0,11
"""dropbox"" ""gross profit"" ""2017"" ""2018"" ""2019""",0,1,0,11
"""dropbox"" ""gross profit"" ""2017"" ""2018"" ""2019"" ""10-k""",0,1,0,10
"""dropbox"" ""gross profit"" ""2017"" ""2018"" ""2019"" 10-k",0,4,0,8.5
"""earnings per share - wab""",0,845,0,2.549112426035503
"""earnings per share - wab"" ""shares outstanding - wab""",0,892,0,1.5717488789237668
"""earnings per share - wab"" ""shares outstanding - wab"" financial",0,5,0,1.4
"""earnings per share - wab"" ""shares outstanding - wab"" financial statement",0,7,0,1.2857142857142856
"""earnings per share - wab"" ""shares outstanding - wab"" financial statements",0,2,0,1
"""earnings per share - wab"" finance",0,174,0,1.5862068965517242
"""earnings per share - wab"" financial",0,383,0,1.647519582245431
"""earnings per share - wab"" financial data",0,6,0,2
"""earnings per share - wab"" financial model",0,95,0,1.6526315789473685
"""earnings per share - wab"" financial statement",0,229,0,1.62882096069869
"""earnings per share - wab"" financial statements",0,142,0,1.6549295774647887
"""open geni""",0,3,0,43.333333333333336
"""shares outstanding - wab""",0,95,0,5.747368421052632
"""shares outstanding - wab"" ""earnings per share - wab""",0,53,0,1.4716981132075473
"""shares outstanding - wab"" finance",0,109,0,1.5229357798165137
"""shares outstanding - wab"" financial",0,300,0,1.5466666666666666
"""shares outstanding - wab"" financial data",0,6,0,1
"""shares outstanding - wab"" financial model",0,13,0,3.8461538461538463
"""shares outstanding - wab"" financial statement",0,39,0,3.076923076923077
"""shares outstanding - wab"" financial statements",0,11,0,1.6363636363636362
$pl stock,0,1,0,81
$vsts vestis corporation $vsts earnings revenue financials,0,2,0,50
1 share of meta,0,1,0,80
aaav,0,1,0,72
aapl nvda,0,1,0,54
abat stock stocktwits,0,1,0,73
abat stocktwits,0,4,0,60
abm industries competitors,0,1,0,88
aci ir,0,1,0,84
aci worldwide revenue,0,1,0,42
acmr earnings,0,2,0,69.5
acushnet holdings,0,1,0,50
acushnet holdings corp,0,1,0,44
adp fortinet,0,6,0,10.166666666666666
adt annual revenue,0,2,0,47
adt net worth,0,1,0,19
adt shares outstanding,0,1,0,75
afg us,0,1,0,100
afg usa,0,1,0,61
afrm stocktwits,0,2,0,55.5
alarm-com saas valuation,0,1,0,46
alb performance,0,1,0,86
albertsons ticker symbol,0,1,0,78
algonquin stock,0,1,0,67
allstate vs metlife,0,18,0,11.444444444444445
alphabet annual revenue,0,1,0,81
alphabet forward pe,0,1,0,40
alphabet googl shares outstanding 2025,0,1,0,7
alphabet inc. terminal growth assumption changes,0,1,0,1
alphabet net income 2024,0,3,0,64
alphabet revenue,0,1,0,74
alphabet shares outstanding,0,1,0,26
alphabet stock pe ratio,0,1,0,32
amazon p/e ratio,0,1,0,45
amazon price earnings ratio,0,1,0,37
amazon stock pe ratio,0,2,0,37
amprius stock,0,4,0,80.75
amprius technologies stock,0,2,0,74.5
amprius technologies stocks,0,1,0,68
ampx ticker,0,1,0,74
amrfree,0,1,0,10
amtd digital share price,0,2,0,70.5
amzn pe ratio,0,1,0,43
amzn stock forward pe,0,1,0,50
amzn stock pe,0,1,0,47
annual revenue coca cola,0,1,0,50
annual revenue disney,0,1,0,64
apc rpc,0,1,0,23
apg annual report,0,2,0,46.5
apple shares outstanding 2011,0,1,0,66
aqn,0,1,0,69
aqn stock,0,4,0,71.5
arr dividend,0,1,0,41
arr dividend yield,0,1,0,65
avgo vs amd,0,1,0,41
bah inc,0,1,0,68
berkshire hathaway vs jp morgan,0,1,0,12
billiontoone stock,0,1,0,77
bk vs bny,0,1,0,6
blackrock vs charles schwab,0,1,0,30
blln,0,1,0,86
blln stock,0,2,0,82
blln ticker,0,1,0,79
boeing earnings per share,0,1,0,27
book value stock,0,2,0,84
book value stocks,0,2,0,65
boyd corporation revenue,0,1,0,29
brkr,0,1,0,50
bruker revenue,0,1,0,41
burger king market cap,0,1,0,63
burger king stock value,0,1,0,76
bwa company,0,1,0,70
bwa ir,0,1,0,50
carl's jr stock,0,2,0,75.5
cart share price,0,2,0,66
carvana shares outstanding 2025,0,1,0,67
cbiz competitors,0,2,0,55.5
celh p/e ratio,0,1,0,31
celh pe ratio,0,1,0,83
celsius p/e ratio,0,3,0,23.333333333333332
cheesecake factory annual revenue,0,1,0,45
cheniere energy vs venture global,0,1,0,9
chimera investment corp,0,1,0,64
cigna health europe turnover,0,2,0,71
cirrus logic revenue,0,1,0,37
clear channel share price,0,3,0,67.66666666666667
clearway energy stock dividend,0,1,0,53
coca cola pe ratio,0,3,0,21
coca cola pe ratio history,0,1,0,63
coca cola price earnings ratio,0,1,0,71
coca cola stock pe ratio,0,1,0,29
coca cola yearly profit,0,2,0,43.5
coca-cola revenue,0,1,0,62
cognizant ctsh revenue net income 2022 2023 2024 annual growth,0,8,0,8
cognizant net worth,0,1,0,31
comcast annual revenue,0,1,0,53
comcast revenue 2024,0,1,0,58
comcast yearly revenue,0,1,0,51
comparedge.com,0,2,0,67.5
concentrix 3 vs,0,1,0,66
concentrix revenue,0,2,0,70.5
corsair gaming s-1 2018 2019 net revenue net income,0,1,0,10
costco pg,0,2,0,29
crocs revenue,0,1,0,62
crown castle inc. (cci) net promoter score positive,0,1,0,7
datadog vs .net,0,5,0,10.6
dbx share price,0,1,0,90
dbx stock,0,6,0,69.83333333333333
dbx stock price,0,1,0,71
dbx stocks,0,1,0,93
dell ibm,0,2,0,79
dell shares outstanding,0,1,0,14
dell shares outstanding 2026,0,3,0,10
dell technologies historical annual revenue fy2016 fy2017 fy2018 fy2019 fy2020 fy2021 fy2022 fy2023 fy2024 fy2025,0,11,0,12.090909090909092
dell technologies historical annual revenue last 10 years fy2015 to fy2025,0,1,0,18
dell technologies historical revenue 10 years fy2015 to fy2025,0,1,0,17
dell technologies historical revenue fy2016 fy2017 fy2018 fy2019 fy2020 fy2021 fy2022 fy2023 fy2024 fy2025,0,15,0,9
dell technologies revenue fy2016 fy2017 fy2018 fy2019 fy2020 fy2021 fy2022 fy2023 fy2024 fy2025,0,1,0,18
dell vs ibm,0,3,0,31.666666666666668
dell vs ibm stock,0,2,0,8
dell vs ibm stock comparison 2026,0,2,0,11
dg bg,0,1,0,11
digital galaxy stock,0,1,0,96
dino pe,0,1,0,11
disney revenue,0,2,0,62
disney revenue breakdown,0,1,0,56
disney s dividend history,0,5,0,84.4
djia p/e ratio,0,1,0,43
djia pe ratio,0,4,0,56.75
djia pe ratio chart,0,1,0,52
doc dividend history,0,1,0,34
does crowdstrike offer dividend payments?,0,1,0,46
does crwd pay dividends,0,1,0,30
dow average pe,0,1,0,72
dow jones average price earnings ratio,0,1,0,71
dow jones index pe ratio,0,5,0,91.8
dow jones industrial average pe ratio,0,1,0,60
dow jones p e,0,1,0,78
dow jones p e ratio,0,1,0,79
dow jones pe,0,1,0,76
dow jones pe ratio,0,6,0,77.5
dow jones pe ratio historical chart,0,1,0,59
dow pe ratio,0,5,0,54
dow price earnings ratio,0,1,0,37
drop box share price,0,1,0,76
"dropbox ""gross profit"" 2017 2018 2019",0,1,0,11
dropbox stock,0,3,0,74
dropbox stocks,0,1,0,82
dropbox valuation,0,2,0,51.5
dvlt full form,0,1,0,47
dx capital,0,1,0,94
dx stock,0,4,0,93.75
dynex capital,0,3,0,84.66666666666667
dynex capital stock,0,1,0,86
dynex corp,0,13,0,67.07692307692308
dynex financial,0,3,0,67
dynex stock price,0,1,0,92
e fult com,0,1,0,41
eix stock dividend history,0,1,0,28
elan corporation investors,0,1,0,88
elanco turnover,0,1,0,18
entegris revenue,0,1,0,70
eps history,0,1,0,68
es ppl,0,1,0,5
esnt,0,1,0,23
etd stock dividend,0,1,0,40
eto share price,0,2,0,42.5
etoro share price,0,1,0,81
etoro stock,0,7,0,75.71428571428571
etsy earnings,0,1,0,93
f-e-t offshore,0,1,0,11
face share price,0,1,0,85
facebook ebitda,0,1,0,58
fair value of meta stock,0,1,0,46
fast growing stocks,0,1,0,48
fast-growing stocks,0,1,0,50
fastest growing stock,0,1,0,27
fastest growing stock right now,0,6,0,77.83333333333333
fastest growing stocks,0,11,0,52.90909090909091
fastest growing stocks right now,0,2,0,89
fb shares outstanding,0,1,0,51
fhn chicago,0,1,0,62
figr,0,1,0,80
figr quote,0,1,0,83
figr share price,0,1,0,79
figr stock,0,6,0,81.5
figr stock price,0,1,0,79
figure stock,0,2,0,83.5
figure stock price,0,1,0,77
figure technologies stock,0,1,0,78
figure technologies stock price,0,1,0,77
figure technology stock,0,1,0,81
"financial data ""earnings per share - wab""",0,2,0,1.5
"financial data ""shares outstanding - wab""",0,2,0,5
fiscal ai pricing,0,9,0,12.444444444444445
ford p e ratio,0,1,0,37
ford vs nike,0,16,0,7.3125
fortive 2023 annual report revenue,0,1,0,67
fortive 2023 annual revenue,0,1,0,70
fortive 2023 revenue,0,1,0,73
fortive full year 2023 revenue,0,1,0,67
fortive revenue 2023,0,2,0,68
fox corporation terminal growth assumption changes,0,1,0,6
galaxy corporation valuation,0,1,0,77
gamestop annual revenue,0,1,0,45
gamestop financials,0,1,0,38
gamestop net worth,0,1,0,20
gamestop revenue,0,1,0,48
gaming and leisure properties,0,1,0,58
gap inc financials,0,1,0,29
gap inc net worth,0,1,0,40
gap inc revenue,0,1,0,32
gates corporation revenue,0,2,0,33
ge healthcare annual report,0,1,0,55
ge healthcare annual revenue,0,1,0,47
ge healthcare revenue,0,2,0,55
ge vernova vs ge aerospace,0,1,0,10
general motors profit,0,1,0,99
gm annual revenue,0,1,0,77
gm profit,0,1,0,88
gm profits by year,0,3,0,61
gm yearly revenue,0,1,0,77
gme debt,0,1,0,46
gmtlf,0,1,0,80
goog financials,0,1,0,76
goog forward pe,0,1,0,45
goog forward pe ratio,0,1,0,48
goog pe ratio history,0,1,0,33
goog peg ratio,0,1,0,40
goog shares outstanding,0,1,0,13
goog-20220930 revenue backlog remaining performance obligations,0,1,0,83
googl financials,0,1,0,45
googl forward pe,0,1,0,41
googl pe ratio,0,1,0,31
googl shares outstanding 2025,0,2,0,9
google annual profit,0,1,0,63
google earnings per share,0,1,0,48
google eps,0,1,0,56
google forward p e,0,1,0,48
google forward pe,0,2,0,48.5
google forward pe ratio,0,1,0,44
google historical pe ratio,0,2,0,30.5
google net earnings,0,1,0,74
google net income,0,3,0,50.666666666666664
google net income 2022,0,1,0,47
google net income 2023,0,1,0,45
google net profit,0,1,0,64
google net profit 2025,0,1,0,58
google outstanding shares,0,1,0,61
google p e ratio,0,1,0,37
google p/e,0,1,0,46
google p/e ratio,0,3,0,39.666666666666664
google pe ratio,0,1,0,41
google pe ratio chart,0,1,0,34
google pe ratio over time,0,1,0,30
google pe ratio today,0,1,0,37
google peg ratio,0,1,0,47
google price earnings ratio,0,1,0,44
google price per earnings ratio,0,2,0,40.5
google price to earnings ratio,0,2,0,37.5
google shares outstanding,0,2,0,46.5
google stock pe ratio,0,2,0,40.5
google stock price to earnings ratio,0,1,0,44
hafn stock,0,2,0,68
hafnia stock,0,1,0,74
hban dividend,0,1,0,65
hban dividend date,0,1,0,63
hban ex dividend date,0,2,0,62.5
henry schein revenue,0,2,0,46
hl portfolio,0,3,0,19.666666666666668
how big is jll,0,1,0,57
how many shares of google are there,0,1,0,100
how much is microsoft worth,0,1,0,77
hrti llc,0,1,0,68
hss revenue,0,1,0,69
huntington bank stock dividend,0,1,0,75
hut robinhood,0,1,0,76
ibkr c,0,1,0,5
ibm dell,0,1,0,81
ibm profit,0,1,0,28
ibm profitability,0,2,0,85
ibm vs dell,0,1,0,38
insw dividend history,0,1,0,34
international paper earnings,0,1,0,54
investors.delltechnologies.com shares outstanding dell technologies,0,1,0,11
is bdj a good investment,0,2,0,29
is bstz a good investment,0,1,0,58
is gap a publicly traded company,0,1,0,88
is jll a public company,0,1,0,72
is polaris publicly traded,0,1,0,62
is vg a good stock to buy,0,1,0,8
jazz pharmaceuticals total debt cash fy2025,0,3,0,13.333333333333334
jbl vs ubiquiti,0,4,0,4.25
key principal,0,1,0,33
kkr annual revenue,0,1,0,57
kkr dividend date,0,1,0,62
kkr ex dividend date,0,1,0,60
kkr stock dividend,0,2,0,49
kla annual revenue,0,1,0,56
kmb kvue,0,1,0,16
korn ferry net worth,0,1,0,34
kratos revenue,0,1,0,51
krc dividend,0,1,0,46
krc dividend history,0,1,0,34
lamb weston annual revenue,0,1,0,44
lear revenue,0,1,0,44
liberty live stock,0,1,0,73
lincoln electric annual revenue,0,1,0,56
lly jnj 관련주,0,4,0,41.75
llyvk,0,1,0,72
low p/e stocks,0,1,0,51
low pe growth stocks,0,1,0,55
low pe ratio companies,0,1,0,63
low pe ratio stocks,0,2,0,55.5
lowest pe growth stocks,0,1,0,52
lowest pe stocks,0,1,0,51
lowest pe stocks in s&p 500,0,1,0,82
lowest peg ratio stocks,0,1,0,52
lowest peg ratio stocks in s&p 500,0,1,0,70
lxp dividend history,0,1,0,79
lyft net income,0,1,0,65
lyft revenue,0,1,0,53
ma vs v,0,1,0,36
ma vs v stock,0,1,0,43
manpowergroup stock,0,1,0,76
marathon petroleum stock dividend,0,1,0,59
marriott dividend history,0,2,0,42
mastec worth,0,1,0,55
mat turnover,0,1,0,93
medical properties trust,0,1,0,95
medical properties trust inc,0,2,0,90
medical properties trust logo,0,1,0,51
medical properties trust stock price,0,1,0,88
merck dividends,0,1,0,68
meta cash flow,0,1,0,69
meta ebitda margin,0,1,0,1
meta profit,0,35,0,59.97142857142857
meta profitability,0,1,0,72
metals company stock,0,1,0,88
microsoft gross margin,0,1,0,78
microsoft gross profit,0,1,0,82
microsoft gross profit margin,0,2,0,74.5
microsoft net income,0,1,0,83
microsoft net profit margin,0,1,0,71
microsoft operating margin,0,1,0,82
microsoft profit margin,0,1,0,79
microsoft profit margins,0,2,0,83.5
microsoft return on equity,0,1,0,77
microsoft roe,0,1,0,78
microsoft worth,0,2,0,83.5
mirion technologies revenue,0,1,0,47
moh stock dividend,0,1,0,33
moh stock earnings date,0,1,0,50
monday.com revenue,0,1,0,62
mondelez net worth,0,1,0,47
morningstar revenue,0,2,0,65.5
motorola solutions annual revenue,0,1,0,35
mpt earnings,0,1,0,41
mrk dividend,0,1,0,65
mrk next dividend date,0,1,0,69
mrvl vs anet,0,1,0,5
ms dividend history,0,1,0,29
msci dividend indexes,0,14,0,50.357142857142854
msci dividends,0,16,0,49.625
msft free cash flow,0,1,0,78
msft net profit margin,0,1,0,83
murphy usa revenue,0,1,0,53
n-able revenue,0,1,0,52
nasdaq good financials,0,1,0,60
nasdaq googl financials,0,2,0,57
nasdaq owls,0,1,0,80
national vision revenue,0,1,0,44
neogen revenue,0,1,0,58
net income google,0,1,0,66
net income of google,0,1,0,52
netflix annual revenue,0,1,0,60
netflix revenue per year,0,1,0,71
netflix stock 2007,0,1,0,58
netflix yearly revenue,0,2,0,63.5
new york times annual revenue,0,1,0,62
new york times financials,0,1,0,86
nflx revenue,0,1,0,39
nike vs ford,0,20,0,5.65
njr,0,1,0,70
nutanix revenue,0,3,0,44.666666666666664
nvda aapl,0,1,0,47
nvidia outstanding shares,0,1,0,24
nws vs nwsa,0,2,0,6
nxp aktie dividende,0,1,0,83
nxp dividende,0,1,0,78
nyse dlr dividend,0,1,0,88
nyse wfc dividend,0,1,0,52
oracle vs cisco,0,2,0,20
organon stock dividend,0,1,0,51
outstanding shares of google,0,1,0,53
p/e ratio google,0,2,0,40
p/e ratio of amazon,0,1,0,52
palantir dividend,0,1,0,64
palantir stock dividend,0,1,0,55
pe ratio dow jones,0,1,0,79
pi portfolio,0,2,0,94
playtika ltd. yelp,0,979,0,9.993871297242084
porfree,0,1,0,82
portfolio company support,0,1,0,97
ppc portfolio,0,1,0,48
price earnings ratio dow jones,0,1,0,86
price to earnings ratio google,0,2,0,44.5
profit margin of microsoft,0,2,0,79.5
prudential table ratings,0,1,0,72
ps public storage,0,1,0,35
psa public storage stock,0,1,0,75
public storage reit,0,1,0,85
pursuit attractions and hospitality stock,0,1,0,67
qorvo net worth,0,1,0,16
qsr market cap,0,2,0,88
qsr stocks,0,1,0,90
quickest growing stocks,0,1,0,47
qxo bld,0,1,0,11
regn,0,1,0,78
revenue of genpact,0,1,0,73
rh aero systems revenue,0,3,0,71.33333333333333
rithm,0,4,0,64
rithm capital,0,4,0,59
rithm capital corp,0,2,0,62.5
rithm capital corp.,0,1,0,75
rithm capital corporation,0,2,0,53
rithm mortgage,0,1,0,49
rithm reit,0,1,0,47
robinhood mco,0,6,0,8.333333333333332
royce value trust inc,0,1,0,65
rpc energy,0,1,0,40
rpc energy services,0,1,0,40
rpc inc,0,1,0,47
rpc inc stock,0,1,0,38
rpc stock,0,1,0,56
safe bulkers stock,0,1,0,71
safeway profits,0,1,0,49
sbsi,0,1,0,44
scholastic net worth,0,1,0,25
schrodinger revenue,0,2,0,45.5
sdrlf stock,0,1,0,27
se stock,0,1,0,83
sea share price,0,1,0,88
sea stock,0,1,0,77
seagroup share price,0,1,0,77
selective insurance revenue,0,1,0,50
serv robotics stock,0,1,0,96
serve robotics stock,0,1,0,83
service robotics stock,0,1,0,98
sesquient coupon,0,1,0,20
shares below book value,0,1,0,47
sharesight pricing,0,1,0,60
sherwin williams annual revenue,0,2,0,80
sherwin williams net worth,0,2,0,46
sherwin williams share price,0,2,0,87.5
sherwin williams stocks,0,1,0,69
sherwin-williams net worth,0,1,0,79
sherwin-williams share price,0,1,0,91
simply wall,0,14,0,34.57142857142857
simply wall st,0,6,0,38.5
simply wall st cost,0,1,0,44
simply wall st portfolio,0,1,0,27
simply wall street,0,1,0,42
simply wall street cost,0,1,0,46
simply wall street price,0,2,0,42.5
simply wall street pricing,0,1,0,48
simply wall street subscription,0,2,0,53.5
simply wall street website,0,2,0,36.5
site:stockportfolio.pro,0,52,0,34.07692307692308
six flags net worth,0,1,0,85
slm ltd income,0,1,0,69
sm dividend history,0,1,0,28
sndx,0,2,0,87.5
snowflake marketcap,0,1,0,78
sofi stock twits,0,1,0,58
sofi stocktwits,0,2,0,88.5
solid power stock,0,2,0,83.5
spnt stock,0,1,0,50
stag industrial reit,0,3,0,65.66666666666667
stag industries,0,1,0,78
stag profit,0,1,0,32
starwood property trust dividend,0,2,0,51
stock aio,0,1,0,64
stock below book value,0,1,0,53
stock companies,0,1,0,61
stock company list,0,1,0,77
stock holding companies,0,1,0,90
stock por,0,1,0,86
stock portfolio,0,1,0,93
stock price total,0,1,0,57
stock sherwin williams,0,1,0,77
stock with lowest pe ratio,0,1,0,62
stockanalysis com,0,1,0,44
stockportfolio,0,1,0,49
stocks less than book value,0,1,0,47
stocks that are rising fast,0,1,0,98
stocks with low p/e,0,1,0,48
stocks with lowest pe,0,1,0,50
stwd dividend history,0,1,0,39
stwd next dividend date,0,1,0,58
stwd stock dividend,0,1,0,56
stwd ticker,0,1,0,56
surgical stock,0,1,0,72
swarmer stock,0,1,0,82
swift trucking net worth,0,1,0,73
syndax pharmaceuticals stock,0,1,0,77
sysco stock price history,0,1,0,56
syy dividend history,0,1,0,24
target annual revenue,0,1,0,81
teladoc revenue,0,1,0,76
teva market cap,0,1,0,71
the metal company share price,0,1,0,79
the metal company stock,0,4,0,83.25
the metals company stock,0,4,0,76.75
thor industries revenue,0,1,0,70
tikr pricing,0,1,0,45
tmc mining stock,0,1,0,82
tmc robinhood,0,1,0,78
tmc stock,0,1,0,75
tmc stock robinhood,0,1,0,69
tmq stock,0,1,0,85
tootsie roll dividend,0,1,0,46
tootsie roll stock dividend,0,1,0,46
total energie stock,0,1,0,69
total energies share price,0,1,0,74
total energies stock,0,1,0,82
total energy stock,0,1,0,81
total sa stock,0,2,0,67
total se stock,0,1,0,75
total share price,0,3,0,70.66666666666667
tr dividend history,0,1,0,28
tripadvisor revenue,0,1,0,69
trust bank stock,0,1,0,60
ttc share price,0,1,0,71
ua vs uaa,0,2,0,9
uaa vs ua,0,1,0,64
uber profits by year,0,1,0,79
ubiquiti vs jbl,0,6,0,4.5
uipath revenue,0,3,0,46.666666666666664
under armor net worth,0,2,0,40.5
under armour income statement,0,2,0,30.5
under armour net worth,0,1,0,35
under armour revenue,0,2,0,41.5
under armour vs peloton,0,1,0,4
unf pt,0,1,0,51
upwork annual revenue,0,1,0,60
upwork earning,0,1,0,53
upwork financials,0,1,0,43
upwork revenue,0,2,0,57
upwork valuation,0,1,0,57
veeva annual revenue,0,1,0,36
venture global vs cheniere,0,2,0,7.5
venture global vs cheniere energy comparison,0,2,0,11.5
venture global vs cheniere energy comparison 2026,0,2,0,13.5
verizon annual revenue,0,1,0,28
verizon revenue,0,1,0,75
verizon revenue 2023,0,1,0,81
verizon revenues,0,1,0,72
verizon turnover,0,1,0,72
verizon wireless annual revenue,0,1,0,82
viking stock,0,1,0,94
vikingtherapeutics,0,1,0,97
visa profit,0,1,0,74
visa stock performance,0,1,0,76
vsfhb,0,1,0,13
w.w. grainger revenue,0,1,0,56
wallstreetzen,0,1,0,31
wallstreetzen review,0,1,0,25
walt disney company revenue,0,1,0,52
warner bros revenue,0,1,0,59
waste management debt,0,3,0,34.666666666666664
waste management dividend,0,2,0,59.5
waste management dividend yield,0,1,0,74
wells fargo dividend,0,6,0,63.333333333333336
wells fargo dividend date,0,1,0,86
wells fargo dividend history,0,3,0,61.666666666666664
wells fargo dividend pay date,0,1,0,88
wells fargo dividend schedule,0,1,0,76
wells fargo dividend stock,0,1,0,57
wells fargo dividends,0,1,0,85
wells fargo ex dividend,0,2,0,68
wells fargo stock dividend,0,4,0,40.75
wells fargo stock dividend history,0,1,0,73
wellsfargo dividend,0,1,0,80
welltower dividend,0,1,0,83
wendy's debt,0,1,0,48
western lng stock,0,1,0,80
western midstream revenue,0,1,0,72
western union turnover,0,1,0,48
wf dividend,0,1,0,81
wfc dividend,0,3,0,81.33333333333333
wfc dividend date,0,2,0,85.5
wfc dividend history,0,4,0,66.75
wfc dividends,0,1,0,80
wfc ex dividend,0,1,0,81
wfc ex dividend date,0,1,0,79
wfc stock dividend,0,1,0,56
wfc stock split history,0,1,0,71
what is ampx,0,1,0,77
what is tmc stock,0,1,0,90
wm dividend history,0,2,0,37
wm stock dividend,0,2,0,66
wpm stock,0,1,0,79
wts coinbase account -site:coinbase.com,0,2,0,37
xanadu quantum stock,0,1,0,84
xpo net,0,2,0,29.5
yum ex dividend date,0,1,0,54
