query,page,clicks,impressions,ctr,position
mur vs lib,https://www.stockportfolio.pro/compare/LB-vs-MUR,1,23,0.043478260869565216,6.956521739130435
"""dropbox"" ""2019"" ""10-k"" ""gross profit""",https://www.stockportfolio.pro/stocks/DBX,0,2,0,11
"""dropbox"" ""gross profit"" ""2017"" ""2018"" ""2019""",https://www.stockportfolio.pro/stocks/DBX,0,1,0,11
"""dropbox"" ""gross profit"" ""2017"" ""2018"" ""2019"" ""10-k""",https://www.stockportfolio.pro/stocks/DBX,0,1,0,10
"""dropbox"" ""gross profit"" ""2017"" ""2018"" ""2019"" 10-k",https://www.stockportfolio.pro/stocks/DBX,0,4,0,8.5
"""earnings per share - wab""",https://www.stockportfolio.pro/stocks/WAB/dividend-history,0,647,0,4.0370942812983
"""earnings per share - wab""",https://www.stockportfolio.pro/stocks/WAB/shares-outstanding,0,622,0,1.8344051446945338
"""earnings per share - wab"" ""shares outstanding - wab""",https://www.stockportfolio.pro/stocks/WAB/dividend-history,0,892,0,1.5717488789237668
"""earnings per share - wab"" ""shares outstanding - wab"" financial",https://www.stockportfolio.pro/stocks/WAB/dividend-history,0,5,0,1.4
"""earnings per share - wab"" ""shares outstanding - wab"" financial statement",https://www.stockportfolio.pro/stocks/WAB/dividend-history,0,7,0,1.2857142857142856
"""earnings per share - wab"" ""shares outstanding - wab"" financial statements",https://www.stockportfolio.pro/stocks/WAB/dividend-history,0,2,0,1
"""earnings per share - wab"" finance",https://www.stockportfolio.pro/stocks/WAB/dividend-history,0,168,0,3.8273809523809526
"""earnings per share - wab"" finance",https://www.stockportfolio.pro/stocks/WAB/shares-outstanding,0,168,0,1.5892857142857144
"""earnings per share - wab"" financial",https://www.stockportfolio.pro/stocks/WAB/dividend-history,0,364,0,3.60989010989011
"""earnings per share - wab"" financial",https://www.stockportfolio.pro/stocks/WAB/shares-outstanding,0,373,0,1.646112600536193
"""earnings per share - wab"" financial data",https://www.stockportfolio.pro/stocks/WAB/dividend-history,0,5,0,2
"""earnings per share - wab"" financial data",https://www.stockportfolio.pro/stocks/WAB/shares-outstanding,0,1,0,2
"""earnings per share - wab"" financial model",https://www.stockportfolio.pro/stocks/WAB/dividend-history,0,93,0,4.279569892473118
"""earnings per share - wab"" financial model",https://www.stockportfolio.pro/stocks/WAB/shares-outstanding,0,88,0,1.7954545454545454
"""earnings per share - wab"" financial statement",https://www.stockportfolio.pro/stocks/WAB/dividend-history,0,13,0,3.4615384615384617
"""earnings per share - wab"" financial statement",https://www.stockportfolio.pro/stocks/WAB/shares-outstanding,0,229,0,1.6375545851528384
"""earnings per share - wab"" financial statements",https://www.stockportfolio.pro/stocks/WAB/dividend-history,0,16,0,2.5625
"""earnings per share - wab"" financial statements",https://www.stockportfolio.pro/stocks/WAB/shares-outstanding,0,127,0,1.5669291338582676
"""open geni""",https://www.stockportfolio.pro/compare/AMC-vs-GENI,0,1,0,40
"""open geni""",https://www.stockportfolio.pro/compare/DJT-vs-GENI,0,2,0,45
"""shares outstanding - wab""",https://www.stockportfolio.pro/stocks/WAB/dividend-history,0,37,0,7.162162162162162
"""shares outstanding - wab""",https://www.stockportfolio.pro/stocks/WAB/eps,0,58,0,4.844827586206897
"""shares outstanding - wab"" ""earnings per share - wab""",https://www.stockportfolio.pro/stocks/WAB/dividend-history,0,53,0,1.4716981132075473
"""shares outstanding - wab"" finance",https://www.stockportfolio.pro/stocks/WAB/dividend-history,0,109,0,2.715596330275229
"""shares outstanding - wab"" finance",https://www.stockportfolio.pro/stocks/WAB/eps,0,109,0,2.018348623853211
"""shares outstanding - wab"" financial",https://www.stockportfolio.pro/stocks/WAB/dividend-history,0,296,0,3.4324324324324325
"""shares outstanding - wab"" financial",https://www.stockportfolio.pro/stocks/WAB/eps,0,300,0,1.55
"""shares outstanding - wab"" financial data",https://www.stockportfolio.pro/stocks/WAB/dividend-history,0,6,0,1
"""shares outstanding - wab"" financial model",https://www.stockportfolio.pro/stocks/WAB/dividend-history,0,3,0,5
"""shares outstanding - wab"" financial model",https://www.stockportfolio.pro/stocks/WAB/eps,0,11,0,3.5454545454545454
"""shares outstanding - wab"" financial statement",https://www.stockportfolio.pro/stocks/WAB/dividend-history,0,23,0,3
"""shares outstanding - wab"" financial statement",https://www.stockportfolio.pro/stocks/WAB/eps,0,39,0,3.076923076923077
"""shares outstanding - wab"" financial statements",https://www.stockportfolio.pro/stocks/WAB/dividend-history,0,10,0,1.4
"""shares outstanding - wab"" financial statements",https://www.stockportfolio.pro/stocks/WAB/eps,0,1,0,4
$pl stock,https://www.stockportfolio.pro/stocks/PL,0,1,0,81
$vsts vestis corporation $vsts earnings revenue financials,https://www.stockportfolio.pro/stocks/VSTS/revenue,0,2,0,50
1 share of meta,https://www.stockportfolio.pro/stocks/META,0,1,0,80
aaav,https://www.stockportfolio.pro/compare/AAL-vs-AVAV,0,1,0,72
aapl nvda,https://www.stockportfolio.pro/compare/AAPL-vs-NVDA,0,1,0,54
abat stock stocktwits,https://www.stockportfolio.pro/compare/ABAT-vs-MTW,0,1,0,73
abat stocktwits,https://www.stockportfolio.pro/compare/ABAT-vs-MTW,0,4,0,60
abm industries competitors,https://www.stockportfolio.pro/compare/ABM-vs-FA,0,1,0,88
aci ir,https://www.stockportfolio.pro/stocks/ACI/eps,0,1,0,84
aci worldwide revenue,https://www.stockportfolio.pro/stocks/ACIW,0,1,0,42
acmr earnings,https://www.stockportfolio.pro/stocks/ACMR/eps,0,2,0,69.5
acushnet holdings,https://www.stockportfolio.pro/stocks/GOLF,0,1,0,50
acushnet holdings corp,https://www.stockportfolio.pro/stocks/GOLF,0,1,0,44
adp fortinet,https://www.stockportfolio.pro/compare/ADP-vs-FTNT,0,6,0,10.166666666666666
adt annual revenue,https://www.stockportfolio.pro/stocks/ADT,0,1,0,46
adt annual revenue,https://www.stockportfolio.pro/stocks/ADT/net-income,0,1,0,48
adt net worth,https://www.stockportfolio.pro/stocks/ADT/net-income,0,1,0,19
adt shares outstanding,https://www.stockportfolio.pro/stocks/ADT/eps,0,1,0,75
afg us,https://www.stockportfolio.pro/stocks/AFG/revenue,0,1,0,100
afg usa,https://www.stockportfolio.pro/stocks/AFG/revenue,0,1,0,61
afrm stocktwits,https://www.stockportfolio.pro/compare/AFRM-vs-TW,0,2,0,55.5
alarm-com saas valuation,https://www.stockportfolio.pro/stocks/ALRM,0,1,0,46
alb performance,https://www.stockportfolio.pro/company?symbol=ALB,0,1,0,86
albertsons ticker symbol,https://www.stockportfolio.pro/stocks/ACI,0,1,0,78
algonquin stock,https://www.stockportfolio.pro/stocks/AQN,0,1,0,67
allstate vs metlife,https://www.stockportfolio.pro/compare/ALL-vs-MET,0,18,0,11.444444444444445
alphabet annual revenue,https://www.stockportfolio.pro/stocks/GOOGL,0,1,0,81
alphabet forward pe,https://www.stockportfolio.pro/stocks/GOOGL/pe-ratio,0,1,0,40
alphabet googl shares outstanding 2025,https://www.stockportfolio.pro/stocks/GOOGL/shares-outstanding,0,1,0,7
alphabet inc. terminal growth assumption changes,https://www.stockportfolio.pro/stocks/GOOGL,0,1,0,1
alphabet net income 2024,https://www.stockportfolio.pro/stocks/GOOG/net-income,0,1,0,71
alphabet net income 2024,https://www.stockportfolio.pro/stocks/GOOGL/net-income,0,2,0,60.5
alphabet revenue,https://www.stockportfolio.pro/stocks/GOOGL,0,1,0,74
alphabet shares outstanding,https://www.stockportfolio.pro/stocks/GOOGL/shares-outstanding,0,1,0,26
alphabet stock pe ratio,https://www.stockportfolio.pro/stocks/GOOGL/pe-ratio,0,1,0,32
amazon p/e ratio,https://www.stockportfolio.pro/stocks/AMZN/pe-ratio,0,1,0,45
amazon price earnings ratio,https://www.stockportfolio.pro/stocks/AMZN/pe-ratio,0,1,0,37
amazon stock pe ratio,https://www.stockportfolio.pro/stocks/AMZN/pe-ratio,0,2,0,37
amprius stock,https://www.stockportfolio.pro/stocks/AMPX,0,4,0,80.75
amprius technologies stock,https://www.stockportfolio.pro/stocks/AMPX,0,2,0,74.5
amprius technologies stocks,https://www.stockportfolio.pro/stocks/AMPX,0,1,0,68
ampx ticker,https://www.stockportfolio.pro/stocks/AMPX,0,1,0,74
amrfree,https://www.stockportfolio.pro/stocks/AMR/free-cash-flow,0,1,0,10
amtd digital share price,https://www.stockportfolio.pro/stocks/HKD,0,2,0,70.5
amzn pe ratio,https://www.stockportfolio.pro/stocks/AMZN/pe-ratio,0,1,0,43
amzn stock forward pe,https://www.stockportfolio.pro/stocks/AMZN/pe-ratio,0,1,0,50
amzn stock pe,https://www.stockportfolio.pro/stocks/AMZN/pe-ratio,0,1,0,47
annual revenue coca cola,https://www.stockportfolio.pro/stocks/KO/revenue,0,1,0,50
annual revenue disney,https://www.stockportfolio.pro/stocks/DIS/net-income,0,1,0,64
apc rpc,https://www.stockportfolio.pro/compare/APC-vs-RES,0,1,0,23
apg annual report,https://www.stockportfolio.pro/company?symbol=APG,0,2,0,46.5
apple shares outstanding 2011,https://www.stockportfolio.pro/stocks/AAPL/shares-outstanding,0,1,0,66
aqn,https://www.stockportfolio.pro/stocks/AQN,0,1,0,69
aqn stock,https://www.stockportfolio.pro/stocks/AQN,0,4,0,71.5
arr dividend,https://www.stockportfolio.pro/stocks/ARR/dividend-history,0,1,0,41
arr dividend yield,https://www.stockportfolio.pro/stocks/ARR/dividend-history,0,1,0,65
avgo vs amd,https://www.stockportfolio.pro/compare/AMD-vs-AVGO,0,1,0,41
bah inc,https://www.stockportfolio.pro/stocks/BAH,0,1,0,68
berkshire hathaway vs jp morgan,https://www.stockportfolio.pro/compare/BRK.B-vs-JPM,0,1,0,12
billiontoone stock,https://www.stockportfolio.pro/stocks/BLLN,0,1,0,77
bk vs bny,https://www.stockportfolio.pro/compare/BK-vs-BNY,0,1,0,6
blackrock vs charles schwab,https://www.stockportfolio.pro/compare/BLK-vs-SCHW,0,1,0,30
blln,https://www.stockportfolio.pro/stocks/BLLN,0,1,0,86
blln stock,https://www.stockportfolio.pro/stocks/BLLN,0,2,0,82
blln ticker,https://www.stockportfolio.pro/stocks/BLLN,0,1,0,79
boeing earnings per share,https://www.stockportfolio.pro/stocks/BA/eps,0,1,0,27
book value stock,https://www.stockportfolio.pro/screens/stocks-below-book-value,0,2,0,84
book value stocks,https://www.stockportfolio.pro/screens/stocks-below-book-value,0,2,0,65
boyd corporation revenue,https://www.stockportfolio.pro/stocks/BYD,0,1,0,29
brkr,https://www.stockportfolio.pro/stocks/BRKR,0,1,0,50
bruker revenue,https://www.stockportfolio.pro/stocks/BRKR,0,1,0,41
burger king market cap,https://www.stockportfolio.pro/stocks/QSR,0,1,0,63
burger king stock value,https://www.stockportfolio.pro/stocks/QSR,0,1,0,76
bwa company,https://www.stockportfolio.pro/stocks/BWA,0,1,0,70
bwa ir,https://www.stockportfolio.pro/stocks/BWA,0,1,0,50
carl's jr stock,https://www.stockportfolio.pro/stocks/QSR,0,2,0,75.5
cart share price,https://www.stockportfolio.pro/stocks/CART/shares-outstanding,0,2,0,66
carvana shares outstanding 2025,https://www.stockportfolio.pro/stocks/CVNA/shares-outstanding,0,1,0,67
cbiz competitors,https://www.stockportfolio.pro/compare/CBZ-vs-PLPC,0,2,0,55.5
celh p/e ratio,https://www.stockportfolio.pro/stocks/CELH/pe-ratio,0,1,0,31
celh pe ratio,https://www.stockportfolio.pro/stocks/CELH/eps,0,1,0,83
celsius p/e ratio,https://www.stockportfolio.pro/stocks/CELH/pe-ratio,0,3,0,23.333333333333332
cheesecake factory annual revenue,https://www.stockportfolio.pro/stocks/CAKE/revenue,0,1,0,45
cheniere energy vs venture global,https://www.stockportfolio.pro/compare/LNG-vs-VG,0,1,0,9
chimera investment corp,https://www.stockportfolio.pro/stocks/CIM-PB,0,1,0,64
cigna health europe turnover,https://www.stockportfolio.pro/stocks/CI/revenue,0,2,0,71
cirrus logic revenue,https://www.stockportfolio.pro/stocks/CRUS,0,1,0,37
clear channel share price,https://www.stockportfolio.pro/stocks/CCO,0,3,0,67.66666666666667
clearway energy stock dividend,https://www.stockportfolio.pro/stocks/CWEN/dividend-history,0,1,0,53
coca cola pe ratio,https://www.stockportfolio.pro/stocks/KO/pe-ratio,0,3,0,21
coca cola pe ratio history,https://www.stockportfolio.pro/stocks/KO/pe-ratio,0,1,0,63
coca cola price earnings ratio,https://www.stockportfolio.pro/stocks/KO/pe-ratio,0,1,0,71
coca cola stock pe ratio,https://www.stockportfolio.pro/stocks/KO/pe-ratio,0,1,0,29
coca cola yearly profit,https://www.stockportfolio.pro/stocks/KO/revenue,0,2,0,43.5
coca-cola revenue,https://www.stockportfolio.pro/stocks/KO/revenue,0,1,0,62
cognizant ctsh revenue net income 2022 2023 2024 annual growth,https://www.stockportfolio.pro/stocks/CTSH/net-income,0,8,0,8
cognizant net worth,https://www.stockportfolio.pro/stocks/CTSH/net-income,0,1,0,31
comcast annual revenue,https://www.stockportfolio.pro/stocks/CMCSA/revenue,0,1,0,53
comcast revenue 2024,https://www.stockportfolio.pro/stocks/CMCSA/revenue,0,1,0,58
comcast yearly revenue,https://www.stockportfolio.pro/stocks/CMCSA/revenue,0,1,0,51
comparedge.com,https://www.stockportfolio.pro/compare/GEV-vs-RTX,0,2,0,67.5
concentrix 3 vs,https://www.stockportfolio.pro/compare/AI-vs-CNXC,0,1,0,66
concentrix revenue,https://www.stockportfolio.pro/stocks/CNXC/revenue,0,2,0,70.5
corsair gaming s-1 2018 2019 net revenue net income,https://www.stockportfolio.pro/stocks/CRSR,0,1,0,10
costco pg,https://www.stockportfolio.pro/compare/COST-vs-PG,0,2,0,29
crocs revenue,https://www.stockportfolio.pro/stocks/CROX,0,1,0,62
crown castle inc. (cci) net promoter score positive,https://www.stockportfolio.pro/stocks/CCI,0,1,0,7
datadog vs .net,https://www.stockportfolio.pro/compare/DDOG-vs-NET,0,5,0,10.6
dbx share price,https://www.stockportfolio.pro/stocks/DBX,0,1,0,90
dbx stock,https://www.stockportfolio.pro/stocks/DBX,0,6,0,69.83333333333333
dbx stock price,https://www.stockportfolio.pro/stocks/DBX,0,1,0,71
dbx stocks,https://www.stockportfolio.pro/stocks/DBX,0,1,0,93
dell ibm,https://www.stockportfolio.pro/compare/DELL-vs-IBM,0,2,0,79
dell shares outstanding,https://www.stockportfolio.pro/stocks/DELL/shares-outstanding,0,1,0,14
dell shares outstanding 2026,https://www.stockportfolio.pro/stocks/DELL/shares-outstanding,0,3,0,10
dell technologies historical annual revenue fy2016 fy2017 fy2018 fy2019 fy2020 fy2021 fy2022 fy2023 fy2024 fy2025,https://www.stockportfolio.pro/stocks/DELL/shares-outstanding,0,11,0,12.090909090909092
dell technologies historical annual revenue last 10 years fy2015 to fy2025,https://www.stockportfolio.pro/stocks/DELL/shares-outstanding,0,1,0,18
dell technologies historical revenue 10 years fy2015 to fy2025,https://www.stockportfolio.pro/stocks/DELL/gross-profit,0,1,0,17
dell technologies historical revenue fy2016 fy2017 fy2018 fy2019 fy2020 fy2021 fy2022 fy2023 fy2024 fy2025,https://www.stockportfolio.pro/stocks/DELL/gross-profit,0,2,0,10.5
dell technologies historical revenue fy2016 fy2017 fy2018 fy2019 fy2020 fy2021 fy2022 fy2023 fy2024 fy2025,https://www.stockportfolio.pro/stocks/DELL/shares-outstanding,0,13,0,8.76923076923077
dell technologies revenue fy2016 fy2017 fy2018 fy2019 fy2020 fy2021 fy2022 fy2023 fy2024 fy2025,https://www.stockportfolio.pro/stocks/DELL/shares-outstanding,0,1,0,18
dell vs ibm,https://www.stockportfolio.pro/compare/DELL-vs-IBM,0,3,0,31.666666666666668
dell vs ibm stock,https://www.stockportfolio.pro/compare/DELL-vs-IBM,0,2,0,8
dell vs ibm stock comparison 2026,https://www.stockportfolio.pro/compare/DELL-vs-IBM,0,2,0,11
dg bg,https://www.stockportfolio.pro/compare/BG-vs-DG,0,1,0,11
digital galaxy stock,https://www.stockportfolio.pro/stocks/GLXY,0,1,0,96
dino pe,https://www.stockportfolio.pro/stocks/DINO/pe-ratio,0,1,0,11
disney revenue,https://www.stockportfolio.pro/stocks/DIS/revenue,0,2,0,62
disney revenue breakdown,https://www.stockportfolio.pro/stocks/DIS/revenue,0,1,0,56
disney s dividend history,https://www.stockportfolio.pro/stocks/DIS/dividend-history,0,5,0,84.4
djia p/e ratio,https://www.stockportfolio.pro/stocks/DOW/pe-ratio,0,1,0,43
djia pe ratio,https://www.stockportfolio.pro/stocks/DOW/pe-ratio,0,4,0,56.75
djia pe ratio chart,https://www.stockportfolio.pro/stocks/DOW/pe-ratio,0,1,0,52
doc dividend history,https://www.stockportfolio.pro/stocks/DOC/dividend-history,0,1,0,34
does crowdstrike offer dividend payments?,https://www.stockportfolio.pro/stocks/CRWD/dividend-history,0,1,0,46
does crwd pay dividends,https://www.stockportfolio.pro/stocks/CRWD/dividend-history,0,1,0,30
dow average pe,https://www.stockportfolio.pro/stocks/DOW/pe-ratio,0,1,0,72
dow jones average price earnings ratio,https://www.stockportfolio.pro/stocks/DOW/pe-ratio,0,1,0,71
dow jones index pe ratio,https://www.stockportfolio.pro/stocks/DOW/pe-ratio,0,5,0,91.8
dow jones industrial average pe ratio,https://www.stockportfolio.pro/stocks/DOW/pe-ratio,0,1,0,60
dow jones p e,https://www.stockportfolio.pro/stocks/DOW/pe-ratio,0,1,0,78
dow jones p e ratio,https://www.stockportfolio.pro/stocks/DOW/pe-ratio,0,1,0,79
dow jones pe,https://www.stockportfolio.pro/stocks/DOW/pe-ratio,0,1,0,76
dow jones pe ratio,https://www.stockportfolio.pro/stocks/DOW/pe-ratio,0,6,0,77.5
dow jones pe ratio historical chart,https://www.stockportfolio.pro/stocks/DOW/pe-ratio,0,1,0,59
dow pe ratio,https://www.stockportfolio.pro/stocks/DOW/pe-ratio,0,5,0,54
dow price earnings ratio,https://www.stockportfolio.pro/stocks/DOW/pe-ratio,0,1,0,37
drop box share price,https://www.stockportfolio.pro/stocks/DBX,0,1,0,76
"dropbox ""gross profit"" 2017 2018 2019",https://www.stockportfolio.pro/stocks/DBX,0,1,0,11
dropbox stock,https://www.stockportfolio.pro/stocks/DBX,0,3,0,74
dropbox stocks,https://www.stockportfolio.pro/stocks/DBX,0,1,0,82
dropbox valuation,https://www.stockportfolio.pro/stocks/DBX,0,2,0,51.5
dvlt full form,https://www.stockportfolio.pro/compare/DVLT-vs-OSS,0,1,0,47
dx capital,https://www.stockportfolio.pro/stocks/DX,0,1,0,94
dx stock,https://www.stockportfolio.pro/stocks/DX,0,4,0,93.75
dynex capital,https://www.stockportfolio.pro/stocks/DX,0,3,0,84.66666666666667
dynex capital stock,https://www.stockportfolio.pro/stocks/DX,0,1,0,86
dynex corp,https://www.stockportfolio.pro/stocks/DX,0,13,0,67.07692307692308
dynex financial,https://www.stockportfolio.pro/stocks/DX,0,3,0,67
dynex stock price,https://www.stockportfolio.pro/stocks/DX,0,1,0,92
e fult com,https://www.stockportfolio.pro/stocks/FULT/pe-ratio,0,1,0,41
eix stock dividend history,https://www.stockportfolio.pro/stocks/EIX/dividend-history,0,1,0,28
elan corporation investors,https://www.stockportfolio.pro/company?symbol=ELAN,0,1,0,88
elanco turnover,https://www.stockportfolio.pro/stocks/ELAN,0,1,0,18
entegris revenue,https://www.stockportfolio.pro/stocks/ENTG/revenue,0,1,0,70
eps history,https://www.stockportfolio.pro/stocks/IP/eps,0,1,0,68
es ppl,https://www.stockportfolio.pro/compare/ES-vs-PPL,0,1,0,5
esnt,https://www.stockportfolio.pro/stocks/ESNT/revenue,0,1,0,23
etd stock dividend,https://www.stockportfolio.pro/stocks/ETD/dividend-history,0,1,0,40
eto share price,https://www.stockportfolio.pro/company?symbol=ETO,0,2,0,42.5
etoro share price,https://www.stockportfolio.pro/stocks/ETOR,0,1,0,81
etoro stock,https://www.stockportfolio.pro/stocks/ETOR,0,7,0,75.71428571428571
etsy earnings,https://www.stockportfolio.pro/stocks/ETSY/eps,0,1,0,93
f-e-t offshore,https://www.stockportfolio.pro/compare/FET-vs-WTI,0,1,0,11
face share price,https://www.stockportfolio.pro/stocks/META,0,1,0,85
facebook ebitda,https://www.stockportfolio.pro/stocks/META,0,1,0,58
fair value of meta stock,https://www.stockportfolio.pro/stocks/META,0,1,0,46
fast growing stocks,https://www.stockportfolio.pro/screens/high-growth-stocks,0,1,0,48
fast-growing stocks,https://www.stockportfolio.pro/screens/high-growth-stocks,0,1,0,50
fastest growing stock,https://www.stockportfolio.pro/screens/high-growth-stocks,0,1,0,27
fastest growing stock right now,https://www.stockportfolio.pro/screens/high-growth-stocks,0,6,0,77.83333333333333
fastest growing stocks,https://www.stockportfolio.pro/screens/high-growth-stocks,0,11,0,52.90909090909091
fastest growing stocks right now,https://www.stockportfolio.pro/screens/high-growth-stocks,0,2,0,89
fb shares outstanding,https://www.stockportfolio.pro/stocks/META,0,1,0,51
fhn chicago,https://www.stockportfolio.pro/stocks/FHN,0,1,0,62
figr,https://www.stockportfolio.pro/stocks/FIGR,0,1,0,80
figr quote,https://www.stockportfolio.pro/stocks/FIGR,0,1,0,83
figr share price,https://www.stockportfolio.pro/stocks/FIGR,0,1,0,79
figr stock,https://www.stockportfolio.pro/stocks/FIGR,0,6,0,81.5
figr stock price,https://www.stockportfolio.pro/stocks/FIGR,0,1,0,79
figure stock,https://www.stockportfolio.pro/stocks/FIGR,0,2,0,83.5
figure stock price,https://www.stockportfolio.pro/stocks/FIGR,0,1,0,77
figure technologies stock,https://www.stockportfolio.pro/stocks/FIGR,0,1,0,78
figure technologies stock price,https://www.stockportfolio.pro/stocks/FIGR,0,1,0,77
figure technology stock,https://www.stockportfolio.pro/stocks/FIGR,0,1,0,81
"financial data ""earnings per share - wab""",https://www.stockportfolio.pro/stocks/WAB/dividend-history,0,2,0,1.5
"financial data ""shares outstanding - wab""",https://www.stockportfolio.pro/stocks/WAB/dividend-history,0,2,0,5
fiscal ai pricing,https://www.stockportfolio.pro/vs/fiscal-ai,0,9,0,12.444444444444445
ford p e ratio,https://www.stockportfolio.pro/stocks/F/pe-ratio,0,1,0,37
ford vs nike,https://www.stockportfolio.pro/compare/F-vs-NKE,0,16,0,7.3125
fortive 2023 annual report revenue,https://www.stockportfolio.pro/stocks/FTV/revenue,0,1,0,67
fortive 2023 annual revenue,https://www.stockportfolio.pro/stocks/FTV/revenue,0,1,0,70
fortive 2023 revenue,https://www.stockportfolio.pro/stocks/FTV/revenue,0,1,0,73
fortive full year 2023 revenue,https://www.stockportfolio.pro/stocks/FTV/revenue,0,1,0,67
fortive revenue 2023,https://www.stockportfolio.pro/stocks/FTV/revenue,0,2,0,68
fox corporation terminal growth assumption changes,https://www.stockportfolio.pro/stocks/GOOGL,0,1,0,6
galaxy corporation valuation,https://www.stockportfolio.pro/stocks/GLXY,0,1,0,77
gamestop annual revenue,https://www.stockportfolio.pro/stocks/GME,0,1,0,45
gamestop financials,https://www.stockportfolio.pro/stocks/GME,0,1,0,38
gamestop net worth,https://www.stockportfolio.pro/stocks/GME,0,1,0,20
gamestop revenue,https://www.stockportfolio.pro/stocks/GME,0,1,0,48
gaming and leisure properties,https://www.stockportfolio.pro/stocks/GLPI,0,1,0,58
gap inc financials,https://www.stockportfolio.pro/stocks/GAP,0,1,0,29
gap inc net worth,https://www.stockportfolio.pro/stocks/GAP,0,1,0,40
gap inc revenue,https://www.stockportfolio.pro/stocks/GAP,0,1,0,32
gates corporation revenue,https://www.stockportfolio.pro/stocks/GTES,0,2,0,33
ge healthcare annual report,https://www.stockportfolio.pro/stocks/GEHC/revenue,0,1,0,55
ge healthcare annual revenue,https://www.stockportfolio.pro/stocks/GEHC/revenue,0,1,0,47
ge healthcare revenue,https://www.stockportfolio.pro/stocks/GEHC/revenue,0,2,0,55
ge vernova vs ge aerospace,https://www.stockportfolio.pro/compare/GE-vs-GEV,0,1,0,10
general motors profit,https://www.stockportfolio.pro/stocks/GM/gross-profit,0,1,0,99
gm annual revenue,https://www.stockportfolio.pro/stocks/GM/gross-profit,0,1,0,77
gm profit,https://www.stockportfolio.pro/stocks/GM/gross-profit,0,1,0,88
gm profits by year,https://www.stockportfolio.pro/stocks/GM/gross-profit,0,3,0,61
gm yearly revenue,https://www.stockportfolio.pro/stocks/GM/gross-profit,0,1,0,77
gme debt,https://www.stockportfolio.pro/stocks/GME/total-debt,0,1,0,46
gmtlf,https://www.stockportfolio.pro/stocks/GMTL,0,1,0,80
goog financials,https://www.stockportfolio.pro/stocks/GOOG/net-income,0,1,0,76
goog forward pe,https://www.stockportfolio.pro/stocks/GOOGL/pe-ratio,0,1,0,45
goog forward pe ratio,https://www.stockportfolio.pro/stocks/GOOGL/pe-ratio,0,1,0,48
goog pe ratio history,https://www.stockportfolio.pro/stocks/GOOGL/pe-ratio,0,1,0,33
goog peg ratio,https://www.stockportfolio.pro/stocks/GOOGL/pe-ratio,0,1,0,40
goog shares outstanding,https://www.stockportfolio.pro/stocks/GOOGL/shares-outstanding,0,1,0,13
goog-20220930 revenue backlog remaining performance obligations,https://www.stockportfolio.pro/stocks/GOOGL,0,1,0,83
googl financials,https://www.stockportfolio.pro/stocks/GOOGL,0,1,0,45
googl forward pe,https://www.stockportfolio.pro/stocks/GOOGL/pe-ratio,0,1,0,41
googl pe ratio,https://www.stockportfolio.pro/stocks/GOOGL/pe-ratio,0,1,0,31
googl shares outstanding 2025,https://www.stockportfolio.pro/stocks/GOOGL/shares-outstanding,0,2,0,9
google annual profit,https://www.stockportfolio.pro/stocks/GOOGL/net-income,0,1,0,63
google earnings per share,https://www.stockportfolio.pro/stocks/GOOGL/eps,0,1,0,48
google eps,https://www.stockportfolio.pro/stocks/GOOGL/eps,0,1,0,56
google forward p e,https://www.stockportfolio.pro/stocks/GOOGL/pe-ratio,0,1,0,48
google forward pe,https://www.stockportfolio.pro/stocks/GOOGL/pe-ratio,0,2,0,48.5
google forward pe ratio,https://www.stockportfolio.pro/stocks/GOOGL/pe-ratio,0,1,0,44
google historical pe ratio,https://www.stockportfolio.pro/stocks/GOOGL/pe-ratio,0,2,0,30.5
google net earnings,https://www.stockportfolio.pro/stocks/GOOGL/net-income,0,1,0,74
google net income,https://www.stockportfolio.pro/stocks/GOOGL,0,1,0,45
google net income,https://www.stockportfolio.pro/stocks/GOOGL/net-income,0,2,0,53.5
google net income 2022,https://www.stockportfolio.pro/stocks/GOOGL/net-income,0,1,0,47
google net income 2023,https://www.stockportfolio.pro/stocks/GOOGL/net-income,0,1,0,45
google net profit,https://www.stockportfolio.pro/stocks/GOOGL/net-income,0,1,0,64
google net profit 2025,https://www.stockportfolio.pro/stocks/GOOG/net-income,0,1,0,58
google outstanding shares,https://www.stockportfolio.pro/stocks/GOOGL/shares-outstanding,0,1,0,61
google p e ratio,https://www.stockportfolio.pro/stocks/GOOGL/pe-ratio,0,1,0,37
google p/e,https://www.stockportfolio.pro/stocks/GOOGL/pe-ratio,0,1,0,46
google p/e ratio,https://www.stockportfolio.pro/stocks/GOOGL/pe-ratio,0,3,0,39.666666666666664
google pe ratio,https://www.stockportfolio.pro/stocks/GOOGL/pe-ratio,0,1,0,41
google pe ratio chart,https://www.stockportfolio.pro/stocks/GOOGL/pe-ratio,0,1,0,34
google pe ratio over time,https://www.stockportfolio.pro/stocks/GOOGL/pe-ratio,0,1,0,30
google pe ratio today,https://www.stockportfolio.pro/stocks/GOOGL/pe-ratio,0,1,0,37
google peg ratio,https://www.stockportfolio.pro/stocks/GOOGL/pe-ratio,0,1,0,47
google price earnings ratio,https://www.stockportfolio.pro/stocks/GOOGL/pe-ratio,0,1,0,44
google price per earnings ratio,https://www.stockportfolio.pro/stocks/GOOGL/pe-ratio,0,2,0,40.5
google price to earnings ratio,https://www.stockportfolio.pro/stocks/GOOGL/pe-ratio,0,2,0,37.5
google shares outstanding,https://www.stockportfolio.pro/stocks/GOOGL/shares-outstanding,0,2,0,46.5
google stock pe ratio,https://www.stockportfolio.pro/stocks/GOOGL/pe-ratio,0,2,0,40.5
google stock price to earnings ratio,https://www.stockportfolio.pro/stocks/GOOGL/pe-ratio,0,1,0,44
hafn stock,https://www.stockportfolio.pro/stocks/HAFN,0,2,0,68
hafnia stock,https://www.stockportfolio.pro/stocks/HAFN,0,1,0,74
hban dividend,https://www.stockportfolio.pro/stocks/HBAN/dividend-history,0,1,0,65
hban dividend date,https://www.stockportfolio.pro/stocks/HBAN/dividend-history,0,1,0,63
hban ex dividend date,https://www.stockportfolio.pro/stocks/HBAN/dividend-history,0,2,0,62.5
henry schein revenue,https://www.stockportfolio.pro/stocks/HSIC/revenue,0,2,0,46
hl portfolio,https://www.stockportfolio.pro/company?symbol=HL,0,3,0,19.666666666666668
how big is jll,https://www.stockportfolio.pro/stocks/JLL,0,1,0,57
how many shares of google are there,https://www.stockportfolio.pro/stocks/GOOGL/shares-outstanding,0,1,0,100
how much is microsoft worth,https://www.stockportfolio.pro/stocks/MSFT,0,1,0,77
hrti llc,https://www.stockportfolio.pro/stocks/HR,0,1,0,68
hss revenue,https://www.stockportfolio.pro/stocks/JBSS/revenue,0,1,0,69
huntington bank stock dividend,https://www.stockportfolio.pro/stocks/HBAN/dividend-history,0,1,0,75
hut robinhood,https://www.stockportfolio.pro/stocks/HUT,0,1,0,76
ibkr c,https://www.stockportfolio.pro/compare/C-vs-IBKR,0,1,0,5
ibm dell,https://www.stockportfolio.pro/compare/DELL-vs-IBM,0,1,0,81
ibm profit,https://www.stockportfolio.pro/stocks/IBM/gross-profit,0,1,0,28
ibm profitability,https://www.stockportfolio.pro/stocks/IBM/gross-profit,0,2,0,85
ibm vs dell,https://www.stockportfolio.pro/compare/DELL-vs-IBM,0,1,0,38
insw dividend history,https://www.stockportfolio.pro/stocks/INSW/dividend-history,0,1,0,34
international paper earnings,https://www.stockportfolio.pro/stocks/IP/eps,0,1,0,54
investors.delltechnologies.com shares outstanding dell technologies,https://www.stockportfolio.pro/stocks/DELL/shares-outstanding,0,1,0,11
is bdj a good investment,https://www.stockportfolio.pro/compare/BDJ-vs-LIFE,0,2,0,29
is bstz a good investment,https://www.stockportfolio.pro/compare/BSTZ-vs-LC,0,1,0,58
is gap a publicly traded company,https://www.stockportfolio.pro/stocks/GAP,0,1,0,88
is jll a public company,https://www.stockportfolio.pro/stocks/JLL,0,1,0,72
is polaris publicly traded,https://www.stockportfolio.pro/stocks/PII,0,1,0,62
is vg a good stock to buy,https://www.stockportfolio.pro/compare/LNG-vs-VG,0,1,0,8
jazz pharmaceuticals total debt cash fy2025,https://www.stockportfolio.pro/stocks/JAZZ/total-debt,0,3,0,13.333333333333334
jbl vs ubiquiti,https://www.stockportfolio.pro/compare/JBL-vs-UI,0,4,0,4.25
key principal,https://www.stockportfolio.pro/compare/KEY-vs-PFG,0,1,0,33
kkr annual revenue,https://www.stockportfolio.pro/stocks/KKR/revenue,0,1,0,57
kkr dividend date,https://www.stockportfolio.pro/stocks/KKR/dividend-history,0,1,0,62
kkr ex dividend date,https://www.stockportfolio.pro/stocks/KKR/dividend-history,0,1,0,60
kkr stock dividend,https://www.stockportfolio.pro/stocks/KKR/dividend-history,0,2,0,49
kla annual revenue,https://www.stockportfolio.pro/stocks/KLAC/revenue,0,1,0,56
kmb kvue,https://www.stockportfolio.pro/compare/KMB-vs-KVUE,0,1,0,16
korn ferry net worth,https://www.stockportfolio.pro/stocks/KFY/revenue,0,1,0,34
kratos revenue,https://www.stockportfolio.pro/stocks/KTOS,0,1,0,51
krc dividend,https://www.stockportfolio.pro/stocks/KRC/dividend-history,0,1,0,46
krc dividend history,https://www.stockportfolio.pro/stocks/KRC/dividend-history,0,1,0,34
lamb weston annual revenue,https://www.stockportfolio.pro/stocks/LW,0,1,0,58
lamb weston annual revenue,https://www.stockportfolio.pro/stocks/LW/revenue,0,1,0,44
lear revenue,https://www.stockportfolio.pro/stocks/LEA,0,1,0,44
liberty live stock,https://www.stockportfolio.pro/stocks/LLYVK,0,1,0,73
lincoln electric annual revenue,https://www.stockportfolio.pro/stocks/LECO,0,1,0,70
lincoln electric annual revenue,https://www.stockportfolio.pro/stocks/LECO/net-income,0,1,0,56
lly jnj 관련주,https://www.stockportfolio.pro/compare/JNJ-vs-LLY,0,4,0,41.75
llyvk,https://www.stockportfolio.pro/stocks/LLYVK,0,1,0,72
low p/e stocks,https://www.stockportfolio.pro/screens/low-pe-stocks,0,1,0,51
low pe growth stocks,https://www.stockportfolio.pro/screens/low-pe-stocks,0,1,0,55
low pe ratio companies,https://www.stockportfolio.pro/screens/low-pe-stocks,0,1,0,63
low pe ratio stocks,https://www.stockportfolio.pro/screens/low-pe-stocks,0,2,0,55.5
lowest pe growth stocks,https://www.stockportfolio.pro/screens/low-pe-stocks,0,1,0,52
lowest pe stocks,https://www.stockportfolio.pro/screens/low-pe-stocks,0,1,0,51
lowest pe stocks in s&p 500,https://www.stockportfolio.pro/screens/low-pe-stocks,0,1,0,82
lowest peg ratio stocks,https://www.stockportfolio.pro/screens/low-pe-stocks,0,1,0,52
lowest peg ratio stocks in s&p 500,https://www.stockportfolio.pro/screens/low-pe-stocks,0,1,0,70
lxp dividend history,https://www.stockportfolio.pro/stocks/LXP/dividend-history,0,1,0,79
lyft net income,https://www.stockportfolio.pro/stocks/LYFT/revenue,0,1,0,65
lyft revenue,https://www.stockportfolio.pro/stocks/LYFT/revenue,0,1,0,53
ma vs v,https://www.stockportfolio.pro/compare/MA-vs-V,0,1,0,36
ma vs v stock,https://www.stockportfolio.pro/compare/MA-vs-V,0,1,0,43
manpowergroup stock,https://www.stockportfolio.pro/stocks/MAN/ebitda,0,1,0,76
marathon petroleum stock dividend,https://www.stockportfolio.pro/stocks/MPC/dividend-history,0,1,0,59
marriott dividend history,https://www.stockportfolio.pro/stocks/MAR/dividend-history,0,2,0,42
mastec worth,https://www.stockportfolio.pro/stocks/MTZ,0,1,0,55
mat turnover,https://www.stockportfolio.pro/company?symbol=MAT,0,1,0,93
medical properties trust,https://www.stockportfolio.pro/stocks/MPT/ebitda,0,1,0,95
medical properties trust inc,https://www.stockportfolio.pro/stocks/MPT/ebitda,0,2,0,90
medical properties trust logo,https://www.stockportfolio.pro/stocks/MPT,0,1,0,51
medical properties trust stock price,https://www.stockportfolio.pro/stocks/MPT/ebitda,0,1,0,88
merck dividends,https://www.stockportfolio.pro/stocks/MRK/dividend-history,0,1,0,68
meta cash flow,https://www.stockportfolio.pro/stocks/META,0,1,0,69
meta ebitda margin,https://www.stockportfolio.pro/stocks/META,0,1,0,1
meta profit,https://www.stockportfolio.pro/stocks/META,0,35,0,59.97142857142857
meta profitability,https://www.stockportfolio.pro/stocks/META,0,1,0,72
metals company stock,https://www.stockportfolio.pro/stocks/TMC,0,1,0,88
microsoft gross margin,https://www.stockportfolio.pro/stocks/MSFT,0,1,0,78
microsoft gross profit,https://www.stockportfolio.pro/stocks/MSFT,0,1,0,82
microsoft gross profit margin,https://www.stockportfolio.pro/stocks/MSFT,0,2,0,74.5
microsoft net income,https://www.stockportfolio.pro/stocks/MSFT,0,1,0,83
microsoft net profit margin,https://www.stockportfolio.pro/stocks/MSFT,0,1,0,71
microsoft operating margin,https://www.stockportfolio.pro/stocks/MSFT,0,1,0,82
microsoft profit margin,https://www.stockportfolio.pro/stocks/MSFT,0,1,0,79
microsoft profit margins,https://www.stockportfolio.pro/stocks/MSFT,0,2,0,83.5
microsoft return on equity,https://www.stockportfolio.pro/stocks/MSFT,0,1,0,77
microsoft roe,https://www.stockportfolio.pro/stocks/MSFT,0,1,0,78
microsoft worth,https://www.stockportfolio.pro/stocks/MSFT,0,2,0,83.5
mirion technologies revenue,https://www.stockportfolio.pro/stocks/MIR,0,1,0,47
mirion technologies revenue,https://www.stockportfolio.pro/stocks/MIR/net-income,0,1,0,60
moh stock dividend,https://www.stockportfolio.pro/stocks/MOH/dividend-history,0,1,0,33
moh stock earnings date,https://www.stockportfolio.pro/stocks/MOH/eps,0,1,0,50
monday.com revenue,https://www.stockportfolio.pro/stocks/MNDY,0,1,0,62
mondelez net worth,https://www.stockportfolio.pro/stocks/MDLZ/revenue,0,1,0,47
morningstar revenue,https://www.stockportfolio.pro/stocks/MORN,0,2,0,65.5
motorola solutions annual revenue,https://www.stockportfolio.pro/stocks/MSI/revenue,0,1,0,35
mpt earnings,https://www.stockportfolio.pro/stocks/MPT,0,1,0,41
mrk dividend,https://www.stockportfolio.pro/stocks/MRK/dividend-history,0,1,0,65
mrk next dividend date,https://www.stockportfolio.pro/stocks/MRK/dividend-history,0,1,0,69
mrvl vs anet,https://www.stockportfolio.pro/compare/ANET-vs-MRVL,0,1,0,5
ms dividend history,https://www.stockportfolio.pro/stocks/MS/dividend-history,0,1,0,29
msci dividend indexes,https://www.stockportfolio.pro/stocks/MSCI/dividend-history,0,14,0,50.357142857142854
msci dividends,https://www.stockportfolio.pro/stocks/MSCI/dividend-history,0,16,0,49.625
msft free cash flow,https://www.stockportfolio.pro/stocks/MSFT,0,1,0,78
msft net profit margin,https://www.stockportfolio.pro/stocks/MSFT,0,1,0,83
murphy usa revenue,https://www.stockportfolio.pro/stocks/MUSA,0,1,0,53
n-able revenue,https://www.stockportfolio.pro/stocks/NABL,0,1,0,52
nasdaq good financials,https://www.stockportfolio.pro/stocks/GOOD,0,1,0,60
nasdaq googl financials,https://www.stockportfolio.pro/stocks/GOOGL,0,2,0,57
nasdaq owls,https://www.stockportfolio.pro/stocks/OWLS,0,1,0,80
national vision revenue,https://www.stockportfolio.pro/stocks/EYE,0,1,0,44
neogen revenue,https://www.stockportfolio.pro/stocks/NEOG,0,1,0,58
net income google,https://www.stockportfolio.pro/stocks/GOOG/net-income,0,1,0,79
net income google,https://www.stockportfolio.pro/stocks/GOOGL/net-income,0,1,0,66
net income of google,https://www.stockportfolio.pro/stocks/GOOG/net-income,0,1,0,79
net income of google,https://www.stockportfolio.pro/stocks/GOOGL,0,1,0,52
netflix annual revenue,https://www.stockportfolio.pro/stocks/NFLX/revenue,0,1,0,60
netflix revenue per year,https://www.stockportfolio.pro/stocks/NFLX/revenue,0,1,0,71
netflix stock 2007,https://www.stockportfolio.pro/stocks/NFLX/revenue,0,1,0,58
netflix yearly revenue,https://www.stockportfolio.pro/stocks/NFLX/revenue,0,2,0,63.5
new york times annual revenue,https://www.stockportfolio.pro/stocks/NYT/net-income,0,1,0,62
new york times financials,https://www.stockportfolio.pro/stocks/NYT/shares-outstanding,0,1,0,86
nflx revenue,https://www.stockportfolio.pro/stocks/NFLX/revenue,0,1,0,39
nike vs ford,https://www.stockportfolio.pro/compare/F-vs-NKE,0,20,0,5.65
njr,https://www.stockportfolio.pro/stocks/NJR/revenue,0,1,0,70
nutanix revenue,https://www.stockportfolio.pro/stocks/NTNX/revenue,0,3,0,44.666666666666664
nvda aapl,https://www.stockportfolio.pro/compare/AAPL-vs-NVDA,0,1,0,47
nvidia outstanding shares,https://www.stockportfolio.pro/stocks/NVDA/shares-outstanding,0,1,0,24
nws vs nwsa,https://www.stockportfolio.pro/compare/NWS-vs-NWSA,0,2,0,6
nxp aktie dividende,https://www.stockportfolio.pro/stocks/NXPI/dividend-history,0,1,0,83
nxp dividende,https://www.stockportfolio.pro/stocks/NXPI/dividend-history,0,1,0,78
nyse dlr dividend,https://www.stockportfolio.pro/stocks/DLR/dividend-history,0,1,0,88
nyse wfc dividend,https://www.stockportfolio.pro/stocks/WFC/dividend-history,0,1,0,52
oracle vs cisco,https://www.stockportfolio.pro/compare/CSCO-vs-ORCL,0,2,0,20
organon stock dividend,https://www.stockportfolio.pro/stocks/OGN/dividend-history,0,1,0,51
outstanding shares of google,https://www.stockportfolio.pro/stocks/GOOGL/shares-outstanding,0,1,0,53
p/e ratio google,https://www.stockportfolio.pro/stocks/GOOGL/pe-ratio,0,2,0,40
p/e ratio of amazon,https://www.stockportfolio.pro/stocks/AMZN/pe-ratio,0,1,0,52
palantir dividend,https://www.stockportfolio.pro/stocks/PLTR/dividend-history,0,1,0,64
palantir stock dividend,https://www.stockportfolio.pro/stocks/PLTR/dividend-history,0,1,0,55
pe ratio dow jones,https://www.stockportfolio.pro/stocks/DOW/pe-ratio,0,1,0,79
pi portfolio,https://www.stockportfolio.pro/company?symbol=PI,0,2,0,94
playtika ltd. yelp,https://www.stockportfolio.pro/compare/PLTK-vs-YELP,0,979,0,9.993871297242084
porfree,https://www.stockportfolio.pro/stocks/POR/free-cash-flow,0,1,0,82
portfolio company support,https://www.stockportfolio.pro/support,0,1,0,97
ppc portfolio,https://www.stockportfolio.pro/compare/CPB-vs-PPC,0,1,0,48
price earnings ratio dow jones,https://www.stockportfolio.pro/stocks/DOW/pe-ratio,0,1,0,86
price to earnings ratio google,https://www.stockportfolio.pro/stocks/GOOGL/pe-ratio,0,2,0,44.5
profit margin of microsoft,https://www.stockportfolio.pro/stocks/MSFT,0,2,0,79.5
prudential table ratings,https://www.stockportfolio.pro/compare/PRU-vs-PYPL,0,1,0,72
ps public storage,https://www.stockportfolio.pro/stocks/PSA-PS,0,1,0,35
psa public storage stock,https://www.stockportfolio.pro/stocks/PSA-PS,0,1,0,75
public storage reit,https://www.stockportfolio.pro/stocks/PSA-PS,0,1,0,85
pursuit attractions and hospitality stock,https://www.stockportfolio.pro/stocks/PRSU,0,1,0,67
qorvo net worth,https://www.stockportfolio.pro/stocks/QRVO,0,1,0,16
qsr market cap,https://www.stockportfolio.pro/stocks/QSR,0,2,0,88
qsr stocks,https://www.stockportfolio.pro/stocks/QSR,0,1,0,90
quickest growing stocks,https://www.stockportfolio.pro/screens/high-growth-stocks,0,1,0,47
qxo bld,https://www.stockportfolio.pro/compare/BLD-vs-QXO,0,1,0,11
regn,https://www.stockportfolio.pro/company?symbol=REGN,0,1,0,78
revenue of genpact,https://www.stockportfolio.pro/stocks/G/revenue,0,1,0,73
rh aero systems revenue,https://www.stockportfolio.pro/stocks/RH/revenue,0,3,0,71.33333333333333
rithm,https://www.stockportfolio.pro/stocks/RITM,0,3,0,59.333333333333336
rithm,https://www.stockportfolio.pro/stocks/RITM-PB,0,1,0,78
rithm capital,https://www.stockportfolio.pro/stocks/RITM,0,4,0,59
rithm capital corp,https://www.stockportfolio.pro/stocks/RITM,0,2,0,62.5
rithm capital corp.,https://www.stockportfolio.pro/stocks/RITM-PB,0,1,0,75
rithm capital corporation,https://www.stockportfolio.pro/stocks/RITM,0,2,0,53
rithm mortgage,https://www.stockportfolio.pro/stocks/RITM,0,1,0,49
rithm reit,https://www.stockportfolio.pro/stocks/RITM,0,1,0,47
robinhood mco,https://www.stockportfolio.pro/compare/HOOD-vs-MCO,0,6,0,8.333333333333332
royce value trust inc,https://www.stockportfolio.pro/stocks/RVT,0,1,0,65
rpc energy,https://www.stockportfolio.pro/stocks/RES,0,1,0,40
rpc energy services,https://www.stockportfolio.pro/stocks/RES,0,1,0,40
rpc inc,https://www.stockportfolio.pro/stocks/RES,0,1,0,47
rpc inc stock,https://www.stockportfolio.pro/stocks/RES,0,1,0,38
rpc stock,https://www.stockportfolio.pro/stocks/RES,0,1,0,56
safe bulkers stock,https://www.stockportfolio.pro/stocks/SB,0,1,0,71
safeway profits,https://www.stockportfolio.pro/stocks/ACI,0,1,0,49
sbsi,https://www.stockportfolio.pro/stocks/SBSI/revenue,0,1,0,44
scholastic net worth,https://www.stockportfolio.pro/stocks/SCHL,0,1,0,25
schrodinger revenue,https://www.stockportfolio.pro/stocks/SDGR/revenue,0,2,0,45.5
sdrlf stock,https://www.stockportfolio.pro/stocks/SDRL,0,1,0,27
se stock,https://www.stockportfolio.pro/stocks/SE,0,1,0,83
sea share price,https://www.stockportfolio.pro/stocks/SE,0,1,0,88
sea stock,https://www.stockportfolio.pro/stocks/SE,0,1,0,77
seagroup share price,https://www.stockportfolio.pro/stocks/SE,0,1,0,77
selective insurance revenue,https://www.stockportfolio.pro/stocks/SIGI,0,1,0,50
serv robotics stock,https://www.stockportfolio.pro/stocks/SERV,0,1,0,96
serve robotics stock,https://www.stockportfolio.pro/stocks/SERV,0,1,0,83
service robotics stock,https://www.stockportfolio.pro/stocks/SERV,0,1,0,98
sesquient coupon,https://www.stockportfolio.pro/stocks/LGND,0,1,0,20
shares below book value,https://www.stockportfolio.pro/screens/stocks-below-book-value,0,1,0,47
sharesight pricing,https://www.stockportfolio.pro/vs/sharesight,0,1,0,60
sherwin williams annual revenue,https://www.stockportfolio.pro/stocks/SHW,0,2,0,80
sherwin williams net worth,https://www.stockportfolio.pro/stocks/SHW,0,2,0,46
sherwin williams share price,https://www.stockportfolio.pro/stocks/SHW,0,2,0,87.5
sherwin williams stocks,https://www.stockportfolio.pro/stocks/SHW,0,1,0,69
sherwin-williams net worth,https://www.stockportfolio.pro/stocks/SHW,0,1,0,79
sherwin-williams share price,https://www.stockportfolio.pro/stocks/SHW,0,1,0,91
simply wall,https://www.stockportfolio.pro/vs/simply-wall-st,0,14,0,34.57142857142857
simply wall st,https://www.stockportfolio.pro/vs/simply-wall-st,0,6,0,38.5
simply wall st cost,https://www.stockportfolio.pro/vs/simply-wall-st,0,1,0,44
simply wall st portfolio,https://www.stockportfolio.pro/vs/simply-wall-st,0,1,0,27
simply wall street,https://www.stockportfolio.pro/vs/simply-wall-st,0,1,0,42
simply wall street cost,https://www.stockportfolio.pro/vs/simply-wall-st,0,1,0,46
simply wall street price,https://www.stockportfolio.pro/vs/simply-wall-st,0,2,0,42.5
simply wall street pricing,https://www.stockportfolio.pro/vs/simply-wall-st,0,1,0,48
simply wall street subscription,https://www.stockportfolio.pro/vs/simply-wall-st,0,2,0,53.5
simply wall street website,https://www.stockportfolio.pro/vs/simply-wall-st,0,2,0,36.5
site:stockportfolio.pro,https://www.stockportfolio.pro/,0,9,0,5.222222222222222
site:stockportfolio.pro,https://www.stockportfolio.pro/company.html?symbol=CHRW,0,1,0,35
site:stockportfolio.pro,https://www.stockportfolio.pro/company?symbol=AEP,0,2,0,58
site:stockportfolio.pro,https://www.stockportfolio.pro/company?symbol=AIT,0,2,0,39.5
site:stockportfolio.pro,https://www.stockportfolio.pro/company?symbol=APG,0,4,0,33.25
site:stockportfolio.pro,https://www.stockportfolio.pro/company?symbol=APGE,0,1,0,54
site:stockportfolio.pro,https://www.stockportfolio.pro/company?symbol=AYI,0,1,0,56
site:stockportfolio.pro,https://www.stockportfolio.pro/company?symbol=BR,0,1,0,61
site:stockportfolio.pro,https://www.stockportfolio.pro/company?symbol=BURL,0,3,0,45.666666666666664
site:stockportfolio.pro,https://www.stockportfolio.pro/company?symbol=DIOD,0,1,0,65
site:stockportfolio.pro,https://www.stockportfolio.pro/company?symbol=DPG,0,1,0,53
site:stockportfolio.pro,https://www.stockportfolio.pro/company?symbol=EME,0,1,0,57
site:stockportfolio.pro,https://www.stockportfolio.pro/company?symbol=EPRT,0,2,0,50
site:stockportfolio.pro,https://www.stockportfolio.pro/company?symbol=ESAB,0,1,0,68
site:stockportfolio.pro,https://www.stockportfolio.pro/company?symbol=ESNT,0,1,0,59
site:stockportfolio.pro,https://www.stockportfolio.pro/company?symbol=EVR,0,2,0,50.5
site:stockportfolio.pro,https://www.stockportfolio.pro/company?symbol=F,0,2,0,47.5
site:stockportfolio.pro,https://www.stockportfolio.pro/company?symbol=FBP,0,4,0,43.5
site:stockportfolio.pro,https://www.stockportfolio.pro/company?symbol=GOLF,0,1,0,70
site:stockportfolio.pro,https://www.stockportfolio.pro/company?symbol=HAE,0,1,0,49
site:stockportfolio.pro,https://www.stockportfolio.pro/company?symbol=HCC,0,4,0,36.25
site:stockportfolio.pro,https://www.stockportfolio.pro/company?symbol=HL,0,1,0,52
site:stockportfolio.pro,https://www.stockportfolio.pro/company?symbol=HR,0,1,0,67
site:stockportfolio.pro,https://www.stockportfolio.pro/company?symbol=INDV,0,2,0,55.5
site:stockportfolio.pro,https://www.stockportfolio.pro/company?symbol=IONS,0,1,0,54
site:stockportfolio.pro,https://www.stockportfolio.pro/company?symbol=KALU,0,1,0,62
site:stockportfolio.pro,https://www.stockportfolio.pro/company?symbol=KNF,0,4,0,42
site:stockportfolio.pro,https://www.stockportfolio.pro/company?symbol=KNTK,0,3,0,56.333333333333336
site:stockportfolio.pro,https://www.stockportfolio.pro/company?symbol=LEGN,0,2,0,46
site:stockportfolio.pro,https://www.stockportfolio.pro/company?symbol=LRN,0,4,0,35.25
site:stockportfolio.pro,https://www.stockportfolio.pro/company?symbol=MSGS,0,1,0,45
site:stockportfolio.pro,https://www.stockportfolio.pro/company?symbol=MTZ,0,1,0,60
site:stockportfolio.pro,https://www.stockportfolio.pro/company?symbol=MU,0,1,0,42
site:stockportfolio.pro,https://www.stockportfolio.pro/company?symbol=PATK,0,3,0,46.666666666666664
site:stockportfolio.pro,https://www.stockportfolio.pro/company?symbol=PRSU,0,2,0,4
site:stockportfolio.pro,https://www.stockportfolio.pro/company?symbol=QDEL,0,1,0,55
site:stockportfolio.pro,https://www.stockportfolio.pro/company?symbol=QUBT,0,1,0,55
site:stockportfolio.pro,https://www.stockportfolio.pro/company?symbol=ROIV,0,2,0,56.5
site:stockportfolio.pro,https://www.stockportfolio.pro/company?symbol=RRC,0,4,0,37.25
site:stockportfolio.pro,https://www.stockportfolio.pro/company?symbol=SKYW,0,4,0,40.75
site:stockportfolio.pro,https://www.stockportfolio.pro/company?symbol=STEL,0,1,0,64
site:stockportfolio.pro,https://www.stockportfolio.pro/company?symbol=STT,0,3,0,40.666666666666664
site:stockportfolio.pro,https://www.stockportfolio.pro/company?symbol=SYK,0,2,0,51.5
site:stockportfolio.pro,https://www.stockportfolio.pro/company?symbol=TMUS,0,1,0,53
site:stockportfolio.pro,https://www.stockportfolio.pro/company?symbol=UMBF,0,1,0,36
site:stockportfolio.pro,https://www.stockportfolio.pro/company?symbol=VSH,0,1,0,57
site:stockportfolio.pro,https://www.stockportfolio.pro/company?symbol=WD,0,2,0,60
site:stockportfolio.pro,https://www.stockportfolio.pro/company?symbol=WS,0,1,0,5
site:stockportfolio.pro,https://www.stockportfolio.pro/company?symbol=WTRG,0,1,0,58
site:stockportfolio.pro,https://www.stockportfolio.pro/company?symbol=XEL,0,3,0,34.333333333333336
site:stockportfolio.pro,https://www.stockportfolio.pro/company?symbol=XRAY,0,3,0,55.333333333333336
site:stockportfolio.pro,https://www.stockportfolio.pro/company?symbol=YUMC,0,4,0,39.75
site:stockportfolio.pro,https://www.stockportfolio.pro/compare,0,1,0,4
site:stockportfolio.pro,https://www.stockportfolio.pro/compare/AAL-vs-ACM,0,1,0,62
site:stockportfolio.pro,https://www.stockportfolio.pro/compare/AAMI-vs-FBK,0,1,0,86
site:stockportfolio.pro,https://www.stockportfolio.pro/compare/ABBV-vs-INCY,0,1,0,70
site:stockportfolio.pro,https://www.stockportfolio.pro/compare/ABNB-vs-H,0,1,0,88
site:stockportfolio.pro,https://www.stockportfolio.pro/compare/ABR-vs-SVC,0,1,0,82
site:stockportfolio.pro,https://www.stockportfolio.pro/compare/ACHV-vs-CTMX,0,1,0,41
site:stockportfolio.pro,https://www.stockportfolio.pro/compare/ACI-vs-SFD,0,1,0,77
site:stockportfolio.pro,https://www.stockportfolio.pro/compare/ACM-vs-BR,0,1,0,36
site:stockportfolio.pro,https://www.stockportfolio.pro/compare/ACN-vs-COHR,0,1,0,38
site:stockportfolio.pro,https://www.stockportfolio.pro/compare/ACN-vs-IPGP,0,1,0,92
site:stockportfolio.pro,https://www.stockportfolio.pro/compare/ACNB-vs-STEL,0,1,0,46
site:stockportfolio.pro,https://www.stockportfolio.pro/compare/ADBE-vs-INTU,0,1,0,90
site:stockportfolio.pro,https://www.stockportfolio.pro/compare/ADC-vs-BRX,0,1,0,69
site:stockportfolio.pro,https://www.stockportfolio.pro/compare/ADP-vs-LZ,0,1,0,66
site:stockportfolio.pro,https://www.stockportfolio.pro/compare/ADSK-vs-MSFT,0,1,0,89
site:stockportfolio.pro,https://www.stockportfolio.pro/compare/ADSK-vs-NSSC,0,1,0,14
site:stockportfolio.pro,https://www.stockportfolio.pro/compare/ADTN-vs-RDWR,0,1,0,28
site:stockportfolio.pro,https://www.stockportfolio.pro/compare/ADV-vs-NRDS,0,1,0,68
site:stockportfolio.pro,https://www.stockportfolio.pro/compare/AEHR-vs-BHE,0,4,0,22.5
site:stockportfolio.pro,https://www.stockportfolio.pro/compare/AERO-vs-AMPX,0,2,0,67
site:stockportfolio.pro,https://www.stockportfolio.pro/compare/AFRM-vs-TW,0,1,0,39
site:stockportfolio.pro,https://www.stockportfolio.pro/compare/AGNC-vs-EGP,0,2,0,80
site:stockportfolio.pro,https://www.stockportfolio.pro/compare/AHRT-vs-CTO,0,2,0,61.5
site:stockportfolio.pro,https://www.stockportfolio.pro/compare/AIZ-vs-ECPG,0,1,0,75
site:stockportfolio.pro,https://www.stockportfolio.pro/compare/AIZ-vs-ICE,0,1,0,94
site:stockportfolio.pro,https://www.stockportfolio.pro/compare/AJG-vs-TFC,0,1,0,81
site:stockportfolio.pro,https://www.stockportfolio.pro/compare/ALGN-vs-JNJ,0,1,0,40
site:stockportfolio.pro,https://www.stockportfolio.pro/compare/ALKS-vs-GKOS,0,3,0,85
site:stockportfolio.pro,https://www.stockportfolio.pro/compare/ALLE-vs-CR,0,1,0,41
site:stockportfolio.pro,https://www.stockportfolio.pro/compare/ALLE-vs-GEV,0,1,0,97
site:stockportfolio.pro,https://www.stockportfolio.pro/compare/ALMS-vs-GRAL,0,1,0,99
site:stockportfolio.pro,https://www.stockportfolio.pro/compare/ALX-vs-BFS,0,1,0,37
site:stockportfolio.pro,https://www.stockportfolio.pro/compare/AMAL-vs-BHRB,0,2,0,42.5
site:stockportfolio.pro,https://www.stockportfolio.pro/compare/AMBP-vs-BKE,0,1,0,80
site:stockportfolio.pro,https://www.stockportfolio.pro/compare/AMCR-vs-WS,0,2,0,18
site:stockportfolio.pro,https://www.stockportfolio.pro/compare/AME-vs-HII,0,1,0,32
site:stockportfolio.pro,https://www.stockportfolio.pro/compare/AMGN-vs-BIO,0,1,0,93
site:stockportfolio.pro,https://www.stockportfolio.pro/compare/AMP-vs-ERIE,0,1,0,56
site:stockportfolio.pro,https://www.stockportfolio.pro/compare/AMP-vs-HIG,0,1,0,22
site:stockportfolio.pro,https://www.stockportfolio.pro/compare/AMP-vs-TWO,0,1,0,99
site:stockportfolio.pro,https://www.stockportfolio.pro/compare/AMPX-vs-DAC,0,2,0,28.5
site:stockportfolio.pro,https://www.stockportfolio.pro/compare/AMR-vs-CTVA,0,2,0,19
site:stockportfolio.pro,https://www.stockportfolio.pro/compare/AMRX-vs-HNGE,0,1,0,49
site:stockportfolio.pro,https://www.stockportfolio.pro/compare/AMSC-vs-RCAT,0,1,0,94
site:stockportfolio.pro,https://www.stockportfolio.pro/compare/AMTB-vs-EVT,0,1,0,12
site:stockportfolio.pro,https://www.stockportfolio.pro/compare/AMTB-vs-FSBC,0,2,0,37.5
site:stockportfolio.pro,https://www.stockportfolio.pro/compare/APG-vs-LII,0,3,0,68.33333333333333
site:stockportfolio.pro,https://www.stockportfolio.pro/compare/APLD-vs-CACI,0,1,0,63
site:stockportfolio.pro,https://www.stockportfolio.pro/compare/APO-vs-TFC,0,1,0,28
site:stockportfolio.pro,https://www.stockportfolio.pro/compare/APOG-vs-KFRC,0,1,0,30
site:stockportfolio.pro,https://www.stockportfolio.pro/compare/APP-vs-VZ,0,3,0,87
site:stockportfolio.pro,https://www.stockportfolio.pro/compare/ARDT-vs-MPLT,0,1,0,71
site:stockportfolio.pro,https://www.stockportfolio.pro/compare/ARLO-vs-HLMN,0,1,0,48
site:stockportfolio.pro,https://www.stockportfolio.pro/compare/ASPI-vs-GROY,0,3,0,79.33333333333333
site:stockportfolio.pro,https://www.stockportfolio.pro/compare/ATEN-vs-BRZE,0,1,0,34
site:stockportfolio.pro,https://www.stockportfolio.pro/compare/ATEX-vs-YELP,0,1,0,18
site:stockportfolio.pro,https://www.stockportfolio.pro/compare/AUPH-vs-IMNM,0,1,0,29
site:stockportfolio.pro,https://www.stockportfolio.pro/compare/AVA-vs-NWE,0,1,0,53
site:stockportfolio.pro,https://www.stockportfolio.pro/compare/AVNS-vs-URGN,0,1,0,43
site:stockportfolio.pro,https://www.stockportfolio.pro/compare/AVY-vs-STLD,0,1,0,96
site:stockportfolio.pro,https://www.stockportfolio.pro/compare/AWK-vs-XEL,0,1,0,85
site:stockportfolio.pro,https://www.stockportfolio.pro/compare/AWR-vs-NWE,0,1,0,78
site:stockportfolio.pro,https://www.stockportfolio.pro/compare/AXON-vs-HII,0,1,0,39
site:stockportfolio.pro,https://www.stockportfolio.pro/compare/BA-vs-JBHT,0,1,0,69
site:stockportfolio.pro,https://www.stockportfolio.pro/compare/BA-vs-RUSHA,0,1,0,29
site:stockportfolio.pro,https://www.stockportfolio.pro/compare/BALL-vs-WS,0,2,0,22
site:stockportfolio.pro,https://www.stockportfolio.pro/compare/BEP-vs-PPL,0,1,0,67
site:stockportfolio.pro,https://www.stockportfolio.pro/compare/BFLY-vs-VIR,0,1,0,35
site:stockportfolio.pro,https://www.stockportfolio.pro/compare/BGSI-vs-SAH,0,2,0,91.5
site:stockportfolio.pro,https://www.stockportfolio.pro/compare/BGY-vs-VCV,0,1,0,83
site:stockportfolio.pro,https://www.stockportfolio.pro/compare/BK-vs-KKR,0,1,0,16
site:stockportfolio.pro,https://www.stockportfolio.pro/compare/BKNG-vs-DFH,0,1,0,98
site:stockportfolio.pro,https://www.stockportfolio.pro/compare/BLFS-vs-HROW,0,1,0,31
site:stockportfolio.pro,https://www.stockportfolio.pro/compare/BLK-vs-BX,0,3,0,29.666666666666668
site:stockportfolio.pro,https://www.stockportfolio.pro/compare/BLSH-vs-VECO,0,1,0,74
site:stockportfolio.pro,https://www.stockportfolio.pro/compare/BMNR-vs-WAL,0,1,0,73
site:stockportfolio.pro,https://www.stockportfolio.pro/compare/BMRC-vs-HMN,0,1,0,68
site:stockportfolio.pro,https://www.stockportfolio.pro/compare/BOBS-vs-LIND,0,3,0,66.33333333333333
site:stockportfolio.pro,https://www.stockportfolio.pro/compare/BRAI-vs-CNXC,0,2,0,31.5
site:stockportfolio.pro,https://www.stockportfolio.pro/compare/BRX-vs-CPT,0,1,0,16
site:stockportfolio.pro,https://www.stockportfolio.pro/compare/BVS-vs-TRAX,0,1,0,98
site:stockportfolio.pro,https://www.stockportfolio.pro/compare/BWXT-vs-FPS,0,1,0,95
site:stockportfolio.pro,https://www.stockportfolio.pro/compare/BXP-vs-CPT,0,1,0,88
site:stockportfolio.pro,https://www.stockportfolio.pro/compare/CBU-vs-GBDC,0,2,0,82
site:stockportfolio.pro,https://www.stockportfolio.pro/compare/CCL-vs-PRSU,0,1,0,64
site:stockportfolio.pro,https://www.stockportfolio.pro/compare/CENT-vs-TR,0,1,0,84
site:stockportfolio.pro,https://www.stockportfolio.pro/compare/CEPF-vs-IIM,0,1,0,21
site:stockportfolio.pro,https://www.stockportfolio.pro/compare/CG-vs-UNM,0,1,0,100
site:stockportfolio.pro,https://www.stockportfolio.pro/compare/CLOV-vs-TMDX,0,1,0,87
site:stockportfolio.pro,https://www.stockportfolio.pro/compare/CMCO-vs-ERII,0,1,0,90
site:stockportfolio.pro,https://www.stockportfolio.pro/compare/CMG-vs-EBAY,0,1,0,43
site:stockportfolio.pro,https://www.stockportfolio.pro/compare/CMP-vs-FMC,0,1,0,47
site:stockportfolio.pro,https://www.stockportfolio.pro/compare/CMPR-vs-CXT,0,1,0,24
site:stockportfolio.pro,https://www.stockportfolio.pro/compare/CNA-vs-GLXY,0,1,0,74
site:stockportfolio.pro,https://www.stockportfolio.pro/compare/CNA-vs-HUT,0,1,0,71
site:stockportfolio.pro,https://www.stockportfolio.pro/compare/COAG-vs-URGN,0,1,0,78
site:stockportfolio.pro,https://www.stockportfolio.pro/compare/COLM-vs-VGNT,0,1,0,55
site:stockportfolio.pro,https://www.stockportfolio.pro/compare/COP-vs-SOBO,0,1,0,34
site:stockportfolio.pro,https://www.stockportfolio.pro/compare/CRCT-vs-SCSC,0,3,0,69.66666666666667
site:stockportfolio.pro,https://www.stockportfolio.pro/compare/CRL-vs-OSCR,0,1,0,72
site:stockportfolio.pro,https://www.stockportfolio.pro/compare/CRWD-vs-WDC,0,1,0,83
site:stockportfolio.pro,https://www.stockportfolio.pro/compare/CVBF-vs-UTG,0,1,0,80
site:stockportfolio.pro,https://www.stockportfolio.pro/compare/CW-vs-DOV,0,1,0,30
site:stockportfolio.pro,https://www.stockportfolio.pro/compare/CYRX-vs-KRNT,0,1,0,90
site:stockportfolio.pro,https://www.stockportfolio.pro/compare/DDI-vs-RSVR,0,1,0,100
site:stockportfolio.pro,https://www.stockportfolio.pro/compare/DE-vs-UNP,0,3,0,64.66666666666666
site:stockportfolio.pro,https://www.stockportfolio.pro/compare/DIOD-vs-EXLS,0,4,0,53.75
site:stockportfolio.pro,https://www.stockportfolio.pro/compare/DIS-vs-PINS,0,1,0,84
site:stockportfolio.pro,https://www.stockportfolio.pro/compare/DMLP-vs-NRP,0,1,0,47
site:stockportfolio.pro,https://www.stockportfolio.pro/compare/DSGN-vs-SIBN,0,1,0,59
site:stockportfolio.pro,https://www.stockportfolio.pro/compare/DVA-vs-EXEL,0,2,0,57
site:stockportfolio.pro,https://www.stockportfolio.pro/compare/DY-vs-LGN,0,2,0,53
site:stockportfolio.pro,https://www.stockportfolio.pro/compare/DYN-vs-IDYA,0,1,0,96
site:stockportfolio.pro,https://www.stockportfolio.pro/compare/EA-vs-NFLX,0,1,0,95
site:stockportfolio.pro,https://www.stockportfolio.pro/compare/EBC-vs-ENVA,0,1,0,61
site:stockportfolio.pro,https://www.stockportfolio.pro/compare/EBF-vs-ORN,0,1,0,31
site:stockportfolio.pro,https://www.stockportfolio.pro/compare/EFX-vs-VLTO,0,4,0,49.5
site:stockportfolio.pro,https://www.stockportfolio.pro/compare/EPR-vs-KRC,0,1,0,91
site:stockportfolio.pro,https://www.stockportfolio.pro/compare/ERAS-vs-MMSI,0,1,0,47
site:stockportfolio.pro,https://www.stockportfolio.pro/compare/EVT-vs-TWN,0,1,0,40
site:stockportfolio.pro,https://www.stockportfolio.pro/compare/EZPW-vs-RQI,0,2,0,26.5
site:stockportfolio.pro,https://www.stockportfolio.pro/compare/FBK-vs-NAD,0,1,0,87
site:stockportfolio.pro,https://www.stockportfolio.pro/compare/FBNC-vs-NBTB,0,3,0,55.666666666666664
site:stockportfolio.pro,https://www.stockportfolio.pro/compare/FCBC-vs-PGC,0,1,0,38
site:stockportfolio.pro,https://www.stockportfolio.pro/compare/FCF-vs-HMN,0,1,0,50
site:stockportfolio.pro,https://www.stockportfolio.pro/compare/FICO-vs-VRSN,0,1,0,97
site:stockportfolio.pro,https://www.stockportfolio.pro/compare/FIX-vs-PCAR,0,3,0,36
site:stockportfolio.pro,https://www.stockportfolio.pro/compare/FLYW-vs-PLAB,0,2,0,47.5
site:stockportfolio.pro,https://www.stockportfolio.pro/compare/FOUR-vs-XNDU,0,2,0,68
site:stockportfolio.pro,https://www.stockportfolio.pro/compare/FR-vs-VNO,0,3,0,48
site:stockportfolio.pro,https://www.stockportfolio.pro/compare/FULC-vs-HROW,0,1,0,76
site:stockportfolio.pro,https://www.stockportfolio.pro/compare/FUN-vs-PTON,0,1,0,17
site:stockportfolio.pro,https://www.stockportfolio.pro/compare/FWRD-vs-MTW,0,2,0,70.5
site:stockportfolio.pro,https://www.stockportfolio.pro/compare/GENB-vs-SION,0,1,0,81
site:stockportfolio.pro,https://www.stockportfolio.pro/compare/GEVO-vs-LZM,0,2,0,48.5
site:stockportfolio.pro,https://www.stockportfolio.pro/compare/GILT-vs-VERX,0,1,0,41
site:stockportfolio.pro,https://www.stockportfolio.pro/compare/GL-vs-GLXY,0,3,0,67.33333333333333
site:stockportfolio.pro,https://www.stockportfolio.pro/compare/GMED-vs-PODD,0,1,0,64
site:stockportfolio.pro,https://www.stockportfolio.pro/compare/GPCR-vs-RLAY,0,1,0,38
site:stockportfolio.pro,https://www.stockportfolio.pro/compare/GPK-vs-PHIN,0,1,0,71
site:stockportfolio.pro,https://www.stockportfolio.pro/compare/GRDN-vs-TARS,0,3,0,83.66666666666667
site:stockportfolio.pro,https://www.stockportfolio.pro/compare/GT-vs-SVV,0,1,0,78
site:stockportfolio.pro,https://www.stockportfolio.pro/compare/HAYW-vs-WOR,0,1,0,88
site:stockportfolio.pro,https://www.stockportfolio.pro/compare/HBM-vs-HL,0,1,0,56
site:stockportfolio.pro,https://www.stockportfolio.pro/compare/HMN-vs-NMAI,0,1,0,42
site:stockportfolio.pro,https://www.stockportfolio.pro/compare/HMN-vs-SFST,0,1,0,37
site:stockportfolio.pro,https://www.stockportfolio.pro/compare/HMN-vs-TWN,0,1,0,14
site:stockportfolio.pro,https://www.stockportfolio.pro/compare/HSY-vs-KMB,0,3,0,72
site:stockportfolio.pro,https://www.stockportfolio.pro/compare/HTGC-vs-JPC,0,1,0,94
site:stockportfolio.pro,https://www.stockportfolio.pro/compare/IBOC-vs-NNI,0,1,0,79
site:stockportfolio.pro,https://www.stockportfolio.pro/compare/IMKTA-vs-SAM,0,1,0,98
site:stockportfolio.pro,https://www.stockportfolio.pro/compare/INOD-vs-SEDG,0,1,0,65
site:stockportfolio.pro,https://www.stockportfolio.pro/compare/IOT-vs-ZS,0,1,0,93
site:stockportfolio.pro,https://www.stockportfolio.pro/compare/IVZ-vs-TRU,0,1,0,94
site:stockportfolio.pro,https://www.stockportfolio.pro/compare/IVZ-vs-VIRT,0,1,0,9
site:stockportfolio.pro,https://www.stockportfolio.pro/compare/JBHT-vs-SYM,0,1,0,30
site:stockportfolio.pro,https://www.stockportfolio.pro/compare/JCI-vs-WM,0,1,0,87
site:stockportfolio.pro,https://www.stockportfolio.pro/compare/JXN-vs-PB,0,1,0,90
site:stockportfolio.pro,https://www.stockportfolio.pro/compare/KE-vs-SERV,0,1,0,97
site:stockportfolio.pro,https://www.stockportfolio.pro/compare/KFRC-vs-LMB,0,2,0,20
site:stockportfolio.pro,https://www.stockportfolio.pro/compare/KFRC-vs-VLRS,0,1,0,63
site:stockportfolio.pro,https://www.stockportfolio.pro/compare/KMB-vs-KVUE,0,1,0,67
site:stockportfolio.pro,https://www.stockportfolio.pro/compare/KN-vs-NN,0,1,0,48
site:stockportfolio.pro,https://www.stockportfolio.pro/compare/KRG-vs-RYN,0,1,0,84
site:stockportfolio.pro,https://www.stockportfolio.pro/compare/LMRI-vs-QDEL,0,4,0,77.5
site:stockportfolio.pro,https://www.stockportfolio.pro/compare/LOGI-vs-PTC,0,1,0,96
site:stockportfolio.pro,https://www.stockportfolio.pro/compare/MAC-vs-RHP,0,2,0,94.5
site:stockportfolio.pro,https://www.stockportfolio.pro/compare/MAIN-vs-MARA,0,1,0,50
site:stockportfolio.pro,https://www.stockportfolio.pro/compare/MAZE-vs-XNCR,0,1,0,91
site:stockportfolio.pro,https://www.stockportfolio.pro/compare/MD-vs-VCEL,0,1,0,85
site:stockportfolio.pro,https://www.stockportfolio.pro/compare/MKSI-vs-ZS,0,1,0,24
site:stockportfolio.pro,https://www.stockportfolio.pro/compare/MKTX-vs-PFSI,0,1,0,93
site:stockportfolio.pro,https://www.stockportfolio.pro/compare/MNR-vs-NOG,0,3,0,30.666666666666668
site:stockportfolio.pro,https://www.stockportfolio.pro/compare/MNTN-vs-SABR,0,1,0,82
site:stockportfolio.pro,https://www.stockportfolio.pro/compare/MOV-vs-WGO,0,3,0,73.33333333333333
site:stockportfolio.pro,https://www.stockportfolio.pro/compare/MUJ-vs-PAXS,0,4,0,78.75
site:stockportfolio.pro,https://www.stockportfolio.pro/compare/MWH-vs-POR,0,1,0,49
site:stockportfolio.pro,https://www.stockportfolio.pro/compare/NN-vs-PENG,0,1,0,92
site:stockportfolio.pro,https://www.stockportfolio.pro/compare/NTST-vs-VRE,0,2,0,85.5
site:stockportfolio.pro,https://www.stockportfolio.pro/compare/NWS-vs-NWSA,0,1,0,79
site:stockportfolio.pro,https://www.stockportfolio.pro/compare/OCGN-vs-SGMT,0,2,0,54
site:stockportfolio.pro,https://www.stockportfolio.pro/compare/OCGN-vs-WEAV,0,3,0,28
site:stockportfolio.pro,https://www.stockportfolio.pro/compare/OLLI-vs-POST,0,1,0,98
site:stockportfolio.pro,https://www.stockportfolio.pro/compare/OUST-vs-ROG,0,1,0,45
site:stockportfolio.pro,https://www.stockportfolio.pro/compare/PARR-vs-SDRL,0,1,0,92
site:stockportfolio.pro,https://www.stockportfolio.pro/compare/PAX-vs-SRCE,0,2,0,61.5
site:stockportfolio.pro,https://www.stockportfolio.pro/compare/PCT-vs-WLFC,0,1,0,86
site:stockportfolio.pro,https://www.stockportfolio.pro/compare/PM-vs-WMT,0,2,0,39
site:stockportfolio.pro,https://www.stockportfolio.pro/compare/QUBT-vs-SPSC,0,3,0,45.333333333333336
site:stockportfolio.pro,https://www.stockportfolio.pro/compare/RBBN-vs-RPD,0,3,0,63.666666666666664
site:stockportfolio.pro,https://www.stockportfolio.pro/compare/RLI-vs-TFSL,0,2,0,48.5
site:stockportfolio.pro,https://www.stockportfolio.pro/compare/ROOT-vs-STEL,0,1,0,33
site:stockportfolio.pro,https://www.stockportfolio.pro/compare/SGRY-vs-TRVI,0,1,0,25
site:stockportfolio.pro,https://www.stockportfolio.pro/compare/SLAB-vs-VSH,0,1,0,56
site:stockportfolio.pro,https://www.stockportfolio.pro/compare/SNA-vs-ULS,0,1,0,99
site:stockportfolio.pro,https://www.stockportfolio.pro/compare/SPFI-vs-WRLD,0,2,0,88.5
site:stockportfolio.pro,https://www.stockportfolio.pro/compare/TKO-vs-TTWO,0,1,0,57
site:stockportfolio.pro,https://www.stockportfolio.pro/compare/TXN-vs-WDC,0,1,0,85
site:stockportfolio.pro,https://www.stockportfolio.pro/compare/VOYG-vs-VVX,0,1,0,95
site:stockportfolio.pro,https://www.stockportfolio.pro/monitor,0,9,0,9.666666666666666
site:stockportfolio.pro,https://www.stockportfolio.pro/privacy,0,8,0,8.625
site:stockportfolio.pro,https://www.stockportfolio.pro/stocks,0,9,0,6.555555555555555
site:stockportfolio.pro,https://www.stockportfolio.pro/stocks/ABR-PD,0,1,0,11
site:stockportfolio.pro,https://www.stockportfolio.pro/stocks/AGX/shares-outstanding,0,2,0,10
site:stockportfolio.pro,https://www.stockportfolio.pro/stocks/AMPX,0,4,0,23.75
site:stockportfolio.pro,https://www.stockportfolio.pro/stocks/ARCB/revenue,0,1,0,6
site:stockportfolio.pro,https://www.stockportfolio.pro/stocks/ASTH/revenue,0,3,0,6
site:stockportfolio.pro,https://www.stockportfolio.pro/stocks/BEP,0,1,0,7
site:stockportfolio.pro,https://www.stockportfolio.pro/stocks/BILL/net-income,0,1,0,89
site:stockportfolio.pro,https://www.stockportfolio.pro/stocks/BKU/shares-outstanding,0,2,0,12.5
site:stockportfolio.pro,https://www.stockportfolio.pro/stocks/CHCT,0,1,0,5
site:stockportfolio.pro,https://www.stockportfolio.pro/stocks/COF-PJ,0,1,0,6
site:stockportfolio.pro,https://www.stockportfolio.pro/stocks/CXM/dividend-history,0,1,0,80
site:stockportfolio.pro,https://www.stockportfolio.pro/stocks/DBRG,0,1,0,2
site:stockportfolio.pro,https://www.stockportfolio.pro/stocks/DBX/eps,0,2,0,7.5
site:stockportfolio.pro,https://www.stockportfolio.pro/stocks/DELL/gross-profit,0,1,0,12
site:stockportfolio.pro,https://www.stockportfolio.pro/stocks/DELL/shares-outstanding,0,3,0,40
site:stockportfolio.pro,https://www.stockportfolio.pro/stocks/DLR/dividend-history,0,1,0,11
site:stockportfolio.pro,https://www.stockportfolio.pro/stocks/DX,0,4,0,5.25
site:stockportfolio.pro,https://www.stockportfolio.pro/stocks/EVTC,0,5,0,15
site:stockportfolio.pro,https://www.stockportfolio.pro/stocks/EVTC/gross-profit,0,3,0,59.666666666666664
site:stockportfolio.pro,https://www.stockportfolio.pro/stocks/EVTC/revenue,0,1,0,63
site:stockportfolio.pro,https://www.stockportfolio.pro/stocks/GEHC/revenue,0,1,0,7
site:stockportfolio.pro,https://www.stockportfolio.pro/stocks/GEVO,0,5,0,1.6
site:stockportfolio.pro,https://www.stockportfolio.pro/stocks/GOOGL,0,7,0,13.285714285714286
site:stockportfolio.pro,https://www.stockportfolio.pro/stocks/GPC/net-income,0,1,0,11
site:stockportfolio.pro,https://www.stockportfolio.pro/stocks/HTH/net-income,0,3,0,10.333333333333334
site:stockportfolio.pro,https://www.stockportfolio.pro/stocks/IBM/gross-profit,0,1,0,10
site:stockportfolio.pro,https://www.stockportfolio.pro/stocks/INFY,0,4,0,22.75
site:stockportfolio.pro,https://www.stockportfolio.pro/stocks/IPI,0,5,0,14.6
site:stockportfolio.pro,https://www.stockportfolio.pro/stocks/KEN,0,1,0,9
site:stockportfolio.pro,https://www.stockportfolio.pro/stocks/KN/shares-outstanding,0,1,0,14
site:stockportfolio.pro,https://www.stockportfolio.pro/stocks/KO/total-debt,0,2,0,29.5
site:stockportfolio.pro,https://www.stockportfolio.pro/stocks/LKFN/revenue,0,1,0,5
site:stockportfolio.pro,https://www.stockportfolio.pro/stocks/MAS/shares-outstanding,0,1,0,45
site:stockportfolio.pro,https://www.stockportfolio.pro/stocks/META,0,6,0,13.833333333333334
site:stockportfolio.pro,https://www.stockportfolio.pro/stocks/METCB,0,2,0,20
site:stockportfolio.pro,https://www.stockportfolio.pro/stocks/MMM/net-income,0,1,0,27
site:stockportfolio.pro,https://www.stockportfolio.pro/stocks/MSFT,0,9,0,11.333333333333334
site:stockportfolio.pro,https://www.stockportfolio.pro/stocks/MTH/eps,0,1,0,8
site:stockportfolio.pro,https://www.stockportfolio.pro/stocks/MTRN,0,1,0,8
site:stockportfolio.pro,https://www.stockportfolio.pro/stocks/NTLA,0,1,0,1
site:stockportfolio.pro,https://www.stockportfolio.pro/stocks/PL,0,4,0,3.25
site:stockportfolio.pro,https://www.stockportfolio.pro/stocks/PLGO,0,1,0,10
site:stockportfolio.pro,https://www.stockportfolio.pro/stocks/PLMR,0,2,0,3
site:stockportfolio.pro,https://www.stockportfolio.pro/stocks/RITM,0,3,0,1
site:stockportfolio.pro,https://www.stockportfolio.pro/stocks/RJET,0,5,0,2.6
site:stockportfolio.pro,https://www.stockportfolio.pro/stocks/RKT,0,1,0,3
site:stockportfolio.pro,https://www.stockportfolio.pro/stocks/SCHW/pe-ratio,0,1,0,9
site:stockportfolio.pro,https://www.stockportfolio.pro/stocks/SHW,0,4,0,7.5
site:stockportfolio.pro,https://www.stockportfolio.pro/stocks/SILA,0,3,0,19.333333333333332
site:stockportfolio.pro,https://www.stockportfolio.pro/stocks/SLGN/pe-ratio,0,1,0,79
site:stockportfolio.pro,https://www.stockportfolio.pro/stocks/SRPT/dividend-history,0,4,0,19.25
site:stockportfolio.pro,https://www.stockportfolio.pro/stocks/TMQ,0,7,0,4.714285714285714
site:stockportfolio.pro,https://www.stockportfolio.pro/stocks/TOYO,0,1,0,6
site:stockportfolio.pro,https://www.stockportfolio.pro/stocks/TRIP/revenue,0,2,0,5
site:stockportfolio.pro,https://www.stockportfolio.pro/stocks/TXO,0,3,0,18.333333333333332
site:stockportfolio.pro,https://www.stockportfolio.pro/stocks/UFPT/shares-outstanding,0,2,0,23
site:stockportfolio.pro,https://www.stockportfolio.pro/stocks/V,0,3,0,21
site:stockportfolio.pro,https://www.stockportfolio.pro/stocks/VMET,0,4,0,4.25
site:stockportfolio.pro,https://www.stockportfolio.pro/stocks/WFG,0,1,0,4
site:stockportfolio.pro,https://www.stockportfolio.pro/stocks/XNDU,0,1,0,4
site:stockportfolio.pro,https://www.stockportfolio.pro/support,0,8,0,9.25
site:stockportfolio.pro,https://www.stockportfolio.pro/tour,0,8,0,10.25
site:stockportfolio.pro,https://www.stockportfolio.pro/vs/finviz,0,4,0,24.75
site:stockportfolio.pro,https://www.stockportfolio.pro/vs/fiscal-ai,0,1,0,65
site:stockportfolio.pro,https://www.stockportfolio.pro/vs/koyfin,0,4,0,28.75
site:stockportfolio.pro,https://www.stockportfolio.pro/vs/macrotrends,0,5,0,30
site:stockportfolio.pro,https://www.stockportfolio.pro/vs/morningstar,0,4,0,25.75
site:stockportfolio.pro,https://www.stockportfolio.pro/vs/sharesight,0,4,0,27.75
site:stockportfolio.pro,https://www.stockportfolio.pro/vs/stockanalysis,0,5,0,31
site:stockportfolio.pro,https://www.stockportfolio.pro/vs/tikr,0,4,0,32.25
site:stockportfolio.pro,https://www.stockportfolio.pro/vs/wallstreetzen,0,4,0,26.75
six flags net worth,https://www.stockportfolio.pro/stocks/FUN/net-income,0,1,0,85
slm ltd income,https://www.stockportfolio.pro/stocks/SLM/dividend-history,0,1,0,69
sm dividend history,https://www.stockportfolio.pro/stocks/SM/dividend-history,0,1,0,28
sndx,https://www.stockportfolio.pro/stocks/SNDX,0,2,0,87.5
snowflake marketcap,https://www.stockportfolio.pro/stocks/SNOW,0,1,0,78
sofi stock twits,https://www.stockportfolio.pro/compare/SOFI-vs-TW,0,1,0,58
sofi stocktwits,https://www.stockportfolio.pro/compare/SOFI-vs-TW,0,2,0,88.5
solid power stock,https://www.stockportfolio.pro/stocks/SLDP,0,2,0,83.5
spnt stock,https://www.stockportfolio.pro/stocks/SPNT,0,1,0,50
stag industrial reit,https://www.stockportfolio.pro/stocks/STAG,0,3,0,65.66666666666667
stag industries,https://www.stockportfolio.pro/stocks/STAG,0,1,0,78
stag profit,https://www.stockportfolio.pro/stocks/STAG,0,1,0,32
starwood property trust dividend,https://www.stockportfolio.pro/stocks/STWD/dividend-history,0,2,0,51
stock aio,https://www.stockportfolio.pro/company?symbol=AIO,0,1,0,64
stock below book value,https://www.stockportfolio.pro/screens/stocks-below-book-value,0,1,0,53
stock companies,https://www.stockportfolio.pro/stocks,0,1,0,61
stock company list,https://www.stockportfolio.pro/stocks,0,1,0,77
stock holding companies,https://www.stockportfolio.pro/stocks,0,1,0,90
stock por,https://www.stockportfolio.pro/,0,1,0,86
stock portfolio,https://www.stockportfolio.pro/,0,1,0,93
stock price total,https://www.stockportfolio.pro/stocks/TTE,0,1,0,57
stock sherwin williams,https://www.stockportfolio.pro/stocks/SHW,0,1,0,77
stock with lowest pe ratio,https://www.stockportfolio.pro/screens/low-pe-stocks,0,1,0,62
stockanalysis com,https://www.stockportfolio.pro/vs/stockanalysis,0,1,0,44
stockportfolio,https://www.stockportfolio.pro/,0,1,0,49
stocks less than book value,https://www.stockportfolio.pro/screens/stocks-below-book-value,0,1,0,47
stocks that are rising fast,https://www.stockportfolio.pro/screens/high-growth-stocks,0,1,0,98
stocks with low p/e,https://www.stockportfolio.pro/screens/low-pe-stocks,0,1,0,48
stocks with lowest pe,https://www.stockportfolio.pro/screens/low-pe-stocks,0,1,0,50
stwd dividend history,https://www.stockportfolio.pro/stocks/STWD/dividend-history,0,1,0,39
stwd next dividend date,https://www.stockportfolio.pro/stocks/STWD/dividend-history,0,1,0,58
stwd stock dividend,https://www.stockportfolio.pro/stocks/STWD/dividend-history,0,1,0,56
stwd ticker,https://www.stockportfolio.pro/company?symbol=STWD,0,1,0,56
surgical stock,https://www.stockportfolio.pro/stocks/ISRG,0,1,0,72
swarmer stock,https://www.stockportfolio.pro/stocks/SWMR,0,1,0,82
swift trucking net worth,https://www.stockportfolio.pro/stocks/KNX/revenue,0,1,0,73
syndax pharmaceuticals stock,https://www.stockportfolio.pro/stocks/SNDX,0,1,0,77
sysco stock price history,https://www.stockportfolio.pro/stocks/SYY/dividend-history,0,1,0,56
syy dividend history,https://www.stockportfolio.pro/stocks/SYY/dividend-history,0,1,0,24
target annual revenue,https://www.stockportfolio.pro/stocks/TGT,0,1,0,81
teladoc revenue,https://www.stockportfolio.pro/stocks/TDOC,0,1,0,76
teva market cap,https://www.stockportfolio.pro/stocks/TEVA,0,1,0,71
the metal company share price,https://www.stockportfolio.pro/stocks/TMC,0,1,0,79
the metal company stock,https://www.stockportfolio.pro/stocks/TMC,0,4,0,83.25
the metals company stock,https://www.stockportfolio.pro/stocks/TMC,0,4,0,76.75
thor industries revenue,https://www.stockportfolio.pro/stocks/THO,0,1,0,70
tikr pricing,https://www.stockportfolio.pro/vs/tikr,0,1,0,45
tmc mining stock,https://www.stockportfolio.pro/stocks/TMC,0,1,0,82
tmc robinhood,https://www.stockportfolio.pro/stocks/TMC,0,1,0,78
tmc stock,https://www.stockportfolio.pro/stocks/TMC,0,1,0,75
tmc stock robinhood,https://www.stockportfolio.pro/stocks/TMC,0,1,0,69
tmq stock,https://www.stockportfolio.pro/stocks/TMQ,0,1,0,85
tootsie roll dividend,https://www.stockportfolio.pro/stocks/TR/dividend-history,0,1,0,46
tootsie roll stock dividend,https://www.stockportfolio.pro/stocks/TR/dividend-history,0,1,0,46
total energie stock,https://www.stockportfolio.pro/stocks/TTE,0,1,0,69
total energies share price,https://www.stockportfolio.pro/stocks/TTE,0,1,0,74
total energies stock,https://www.stockportfolio.pro/stocks/TTE,0,1,0,82
total energy stock,https://www.stockportfolio.pro/stocks/TTE,0,1,0,81
total sa stock,https://www.stockportfolio.pro/stocks/TTE,0,2,0,67
total se stock,https://www.stockportfolio.pro/stocks/TTE,0,1,0,75
total share price,https://www.stockportfolio.pro/stocks/TTE,0,3,0,70.66666666666667
tr dividend history,https://www.stockportfolio.pro/stocks/TR/dividend-history,0,1,0,28
tripadvisor revenue,https://www.stockportfolio.pro/stocks/TRIP/revenue,0,1,0,69
trust bank stock,https://www.stockportfolio.pro/stocks/TRST,0,1,0,60
ttc share price,https://www.stockportfolio.pro/stocks/TTC,0,1,0,71
ua vs uaa,https://www.stockportfolio.pro/compare/UA-vs-UAA,0,2,0,9
uaa vs ua,https://www.stockportfolio.pro/compare/UAA-vs-WHR,0,1,0,64
uber profits by year,https://www.stockportfolio.pro/stocks/UBER/free-cash-flow,0,1,0,79
ubiquiti vs jbl,https://www.stockportfolio.pro/compare/JBL-vs-UI,0,6,0,4.5
uipath revenue,https://www.stockportfolio.pro/stocks/PATH,0,3,0,46.666666666666664
under armor net worth,https://www.stockportfolio.pro/stocks/UA,0,2,0,40.5
under armour income statement,https://www.stockportfolio.pro/stocks/UA,0,2,0,30.5
under armour net worth,https://www.stockportfolio.pro/stocks/UA,0,1,0,35
under armour revenue,https://www.stockportfolio.pro/stocks/UA,0,2,0,41.5
under armour vs peloton,https://www.stockportfolio.pro/compare/PTON-vs-UAA,0,1,0,4
unf pt,https://www.stockportfolio.pro/compare/EQPT-vs-UNF,0,1,0,51
upwork annual revenue,https://www.stockportfolio.pro/stocks/UPWK,0,1,0,60
upwork earning,https://www.stockportfolio.pro/stocks/UPWK,0,1,0,53
upwork financials,https://www.stockportfolio.pro/stocks/UPWK,0,1,0,43
upwork revenue,https://www.stockportfolio.pro/stocks/UPWK,0,2,0,57
upwork valuation,https://www.stockportfolio.pro/stocks/UPWK,0,1,0,57
veeva annual revenue,https://www.stockportfolio.pro/stocks/VEEV/revenue,0,1,0,36
venture global vs cheniere,https://www.stockportfolio.pro/compare/LNG-vs-VG,0,2,0,7.5
venture global vs cheniere energy comparison,https://www.stockportfolio.pro/compare/LNG-vs-VG,0,2,0,11.5
venture global vs cheniere energy comparison 2026,https://www.stockportfolio.pro/compare/LNG-vs-VG,0,2,0,13.5
verizon annual revenue,https://www.stockportfolio.pro/stocks/VZ/revenue,0,1,0,28
verizon revenue,https://www.stockportfolio.pro/stocks/VZ/revenue,0,1,0,75
verizon revenue 2023,https://www.stockportfolio.pro/stocks/VZ/revenue,0,1,0,81
verizon revenues,https://www.stockportfolio.pro/stocks/VZ/revenue,0,1,0,72
verizon turnover,https://www.stockportfolio.pro/stocks/VZ/revenue,0,1,0,72
verizon wireless annual revenue,https://www.stockportfolio.pro/stocks/VZ/revenue,0,1,0,82
viking stock,https://www.stockportfolio.pro/stocks/VKTX,0,1,0,94
vikingtherapeutics,https://www.stockportfolio.pro/stocks/VKTX,0,1,0,97
visa profit,https://www.stockportfolio.pro/stocks/V,0,1,0,74
visa stock performance,https://www.stockportfolio.pro/stocks/V,0,1,0,76
vsfhb,https://www.stockportfolio.pro/compare/FFBC-vs-FHB,0,1,0,13
w.w. grainger revenue,https://www.stockportfolio.pro/stocks/GWW/revenue,0,1,0,56
wallstreetzen,https://www.stockportfolio.pro/vs/wallstreetzen,0,1,0,31
wallstreetzen review,https://www.stockportfolio.pro/vs/wallstreetzen,0,1,0,25
walt disney company revenue,https://www.stockportfolio.pro/stocks/DIS/revenue,0,1,0,52
warner bros revenue,https://www.stockportfolio.pro/stocks/WBD/revenue,0,1,0,59
waste management debt,https://www.stockportfolio.pro/stocks/WM/total-debt,0,3,0,34.666666666666664
waste management dividend,https://www.stockportfolio.pro/stocks/WM/dividend-history,0,2,0,59.5
waste management dividend yield,https://www.stockportfolio.pro/stocks/WM/dividend-history,0,1,0,74
wells fargo dividend,https://www.stockportfolio.pro/stocks/WFC/dividend-history,0,6,0,63.333333333333336
wells fargo dividend date,https://www.stockportfolio.pro/stocks/WFC/dividend-history,0,1,0,86
wells fargo dividend history,https://www.stockportfolio.pro/stocks/WFC/dividend-history,0,3,0,61.666666666666664
wells fargo dividend pay date,https://www.stockportfolio.pro/stocks/WFC/dividend-history,0,1,0,88
wells fargo dividend schedule,https://www.stockportfolio.pro/stocks/WFC/dividend-history,0,1,0,76
wells fargo dividend stock,https://www.stockportfolio.pro/stocks/WFC/dividend-history,0,1,0,57
wells fargo dividends,https://www.stockportfolio.pro/stocks/WFC/dividend-history,0,1,0,85
wells fargo ex dividend,https://www.stockportfolio.pro/stocks/WFC/dividend-history,0,2,0,68
wells fargo stock dividend,https://www.stockportfolio.pro/stocks/WFC/dividend-history,0,4,0,40.75
wells fargo stock dividend history,https://www.stockportfolio.pro/stocks/WFC/dividend-history,0,1,0,73
wellsfargo dividend,https://www.stockportfolio.pro/stocks/WFC/dividend-history,0,1,0,80
welltower dividend,https://www.stockportfolio.pro/stocks/WELL/dividend-history,0,1,0,83
wendy's debt,https://www.stockportfolio.pro/stocks/WEN/total-debt,0,1,0,48
western lng stock,https://www.stockportfolio.pro/stocks/WES,0,1,0,80
western midstream revenue,https://www.stockportfolio.pro/stocks/WES,0,1,0,72
western union turnover,https://www.stockportfolio.pro/stocks/WU/revenue,0,1,0,48
wf dividend,https://www.stockportfolio.pro/stocks/WFC/dividend-history,0,1,0,81
wfc dividend,https://www.stockportfolio.pro/stocks/WFC/dividend-history,0,3,0,81.33333333333333
wfc dividend date,https://www.stockportfolio.pro/stocks/WFC/dividend-history,0,2,0,85.5
wfc dividend history,https://www.stockportfolio.pro/stocks/WFC/dividend-history,0,4,0,66.75
wfc dividends,https://www.stockportfolio.pro/stocks/WFC/dividend-history,0,1,0,80
wfc ex dividend,https://www.stockportfolio.pro/stocks/WFC/dividend-history,0,1,0,81
wfc ex dividend date,https://www.stockportfolio.pro/stocks/WFC/dividend-history,0,1,0,79
wfc stock dividend,https://www.stockportfolio.pro/stocks/WFC/dividend-history,0,1,0,56
wfc stock split history,https://www.stockportfolio.pro/stocks/WFC/dividend-history,0,1,0,71
what is ampx,https://www.stockportfolio.pro/stocks/AMPX,0,1,0,77
what is tmc stock,https://www.stockportfolio.pro/stocks/TMC,0,1,0,90
wm dividend history,https://www.stockportfolio.pro/stocks/WM/dividend-history,0,2,0,37
wm stock dividend,https://www.stockportfolio.pro/stocks/WM/dividend-history,0,2,0,66
wpm stock,https://www.stockportfolio.pro/stocks/WPM,0,1,0,79
wts coinbase account -site:coinbase.com,https://www.stockportfolio.pro/stocks,0,2,0,37
xanadu quantum stock,https://www.stockportfolio.pro/stocks/XNDU,0,1,0,84
xpo net,https://www.stockportfolio.pro/stocks/XPO/net-income,0,2,0,29.5
yum ex dividend date,https://www.stockportfolio.pro/stocks/YUM/dividend-history,0,1,0,54
